solarSystemName,solarSystemInucrsionType
Incursions staging icon.pngStaging,staging
Incursions vanguard icon.pngVanguards,vanguard
Incursions assault icon.pngAssaults,assault
Incursions headquarter icon.pngHeadquarter,headquarter
Claysson,staging
Adiere,vanguard
Oirtlair,vanguard
Olelon,vanguard
Stetille,vanguard
Auberulle,assault
Doussivitte,assault
Unel,headquarter
Kasi,staging
Hilmar,vanguard
Jeshideh,vanguard
Shura,vanguard
Yooh,assault
Hostakoh,headquarter
Sizamod,staging
Assiad,vanguard
Iswa,vanguard
Rand,vanguard
Rumida,vanguard
Kerepa,assault
Marthia,assault
Nosodnis,assault
Safilbab,headquarter
Barmalie,staging
Audaerne,vanguard
Augnais,vanguard
Fluekele,vanguard
Jolia,vanguard
Alsottobier,assault
Deltole,assault
Parchanier,assault
Colelie,headquarter
Moniyyuku,staging
Palas,vanguard
Reteka,vanguard
Safshela,vanguard
Gidali,assault
Molea,headquarter
Chesiette,staging
Annelle,vanguard
Claulenne,vanguard
Masalle,vanguard
Sortet,assault
Scolluzer,headquarter
Vilur,staging
Altrinur,vanguard
Eygfe,vanguard
Reset,vanguard
Fildar,assault
Olbra,assault
Jondik,headquarter
Astoh,staging
Onnamon,vanguard
Tsuruma,vanguard
Uuhulanen,vanguard
Rohamaa,assault
Samanuni,assault
Uchomida,headquarter
Libold,staging
Aldrat,vanguard
Erstur,vanguard
Urnhard,vanguard
Fredagod,assault
Hardbako,headquarter
Koona,staging
Jakri,vanguard
Munory,vanguard
Nidupad,vanguard
Zimse,vanguard
Aphi,assault
Garisas,assault
Chanoun,headquarter
Kaimon,staging
Alikara,vanguard
Kausaaja,vanguard
Oiniken,vanguard
Aikoro,assault
Ahynada,headquarter
Klaevik,staging
Atonder,vanguard
Hotrardik,vanguard
Ridoner,vanguard
Engosi,assault
Orduin,headquarter
Torrinos,staging
Ibura,vanguard
Isinokka,vanguard
Yoma,vanguard
Oipo,assault
Haajinen,headquarter
Adia,staging
Azizora,vanguard
Hadonoo,vanguard
Shabura,vanguard
Jarshitsan,assault
Ahmak,headquarter
Lumegen,staging
Gedugaud,vanguard
Oppold,vanguard
Tratokard,vanguard
Geffur,assault
Hilfhurmur,headquarter
Sivala,staging
Hatakani,vanguard
Iivinen,vanguard
Tennen,vanguard
Yashunen,assault
Kassigainen,headquarter
Abhan,staging
Anyed,vanguard
Chiga,vanguard
Habu,vanguard
Anzalaisio,assault
Asanot,headquarter
Lahnina,staging
Etav,vanguard
Pedel,vanguard
Saheri,vanguard
Anila,assault
Yeeramoun,assault
Ides,headquarter
Perdan,staging
Kibursha,vanguard
Hostni,vanguard
Mimime,vanguard
Onazel,assault
Asesamy,assault
Lossa,headquarter
Akes,staging
Hati,vanguard
Riavayed,vanguard
Uadelah,vanguard
Hakshma,assault
Laddiaha,assault
Nakatre,headquarter
Aufay,staging
Balle,vanguard
Du Annes,vanguard
Erme,vanguard
Metserel,vanguard
Grinacanne,assault
Pettinck,assault
Adreland,headquarter
Aydoteaux,staging
Averon,vanguard
Carirgnottin,vanguard
Muer,vanguard
Odixie,vanguard
Scuelazyns,vanguard
Tolle,vanguard
Angymonne,assault
Antollare,assault
Enedore,assault
Laic,assault
Avele,headquarter
Palpis,staging
Arveyil,vanguard
Nidebora,vanguard
Ulerah,vanguard
Uktiad,vanguard
Faktun,assault
Halenan,assault
Mili,headquarter
Loguttur,staging
Krilmokenur,vanguard
Magiko,vanguard
Onga,vanguard
Vullat,vanguard
Larkugei,assault
Oremmulf,assault
Osaumuni,assault
Hurjafren,headquarter
Andole,staging
Cat,vanguard
Derririntel,vanguard
Ommare,vanguard
Atlangeins,assault
Hecarrin,headquarter
Heorah,staging
Agal,vanguard
Doza,vanguard
Ebasez,vanguard
Bania,assault
Nasreri,assault
Girani-Fa,headquarter
Dantan,staging
Kador Prime,vanguard
Khafis,vanguard
Nordar,vanguard
Askonak,assault
Murini,assault
Uanim,headquarter
Balanaz,staging
Afnakat,vanguard
Bashyam,vanguard
Parses,vanguard
Firbha,assault
Col,headquarter
Geztic,staging
Hishai,vanguard
Osis,vanguard
Sehsasez,vanguard
Yezara,vanguard
Ervekam,assault
Kahah,assault
Mashtarmem,assault
Saloti,headquarter
Aderkan,staging
Earled,vanguard
Ogoten,vanguard
Tollus,vanguard
Hebisa,assault
Polstodur,assault
Ansher,headquarter
Abrat,staging
Alf,vanguard
Arlulf,vanguard
Brundakur,vanguard
Illuin,vanguard
Aldilur,assault
Orgron,assault
Nedegulf,assault
Stirht,headquarter
Stoure,staging
Arasare,vanguard
Lazer,vanguard
Yvelet,vanguard
Vecodie,assault
Yvaeroure,headquarter
Horir,staging
Abaim,vanguard
Somouh,vanguard
Sorzielang,vanguard
Sayartchen,assault
Teshi,assault
Gosalav,headquarter
Malpara,staging
Hakodan,vanguard
Hatori,vanguard
Ronne,vanguard
Jarkkolen,assault
Junsen,headquarter
Sakenta,staging
Ansila,vanguard
Aokannitoh,vanguard
Hirtamon,vanguard
Ikuchi,vanguard
Hykkota,assault
Ohmahailen,assault
Outuni,assault
Eskunen,headquarter
Anbald,staging
Bongveber,vanguard
Freatlidur,vanguard
Maturat,vanguard
Roleinn,assault
Vorsk,assault
Eiluvodi,headquarter
Gallareue,staging
Ansone,vanguard
Dunraelare,vanguard
Nausschie,vanguard
Trosquesere,vanguard
Estene,assault
Stayme,assault
Inghenges,headquarter
Neburab,staging
Aband,vanguard
Ghesis,vanguard
Gonan,vanguard
Gamdis,assault
Joamma,assault
Joramok,headquarter
Lachailes,staging
Eshtah,vanguard
Kasrasi,vanguard
Ordize,vanguard
Rashy,vanguard
Fovihi,assault
Psasa,assault
Kiereend,headquarter
Nalu,staging
Esteban,vanguard
Luromooh,vanguard
Sahdil,vanguard
Nadohman,assault
Moussou,headquarter
Theruesse,staging
Ansalle,vanguard
Ellmay,vanguard
Gisleres,vanguard
Amygnon,assault
Jufvitte,assault
Scheenins,headquarter
Eredan,staging
Gheth,vanguard
Lisudeh,vanguard
Mehatoor,vanguard
Sasoutikh,assault
Ohide,headquarter
Asgeir,staging
Evuldgenzo,vanguard
Flost,vanguard
Ongund,vanguard
Eust,assault
Todrir,headquarter
Chesoh,staging
Hama,vanguard
Hanan,vanguard
Irnal,vanguard
Sarum Prime,vanguard
Alkabsi,assault
Bagodan,assault
Mahrokht,assault
Murzi,headquarter
Ana,staging
Hamse,vanguard
Jaswelu,vanguard
Lashkai,vanguard
Zhilshinou,vanguard
Maiah,assault
Yuhelia,assault
Barira,headquarter
Mishi,staging
Avada,vanguard
Haimeh,vanguard
Pahineh,vanguard
Bazadod,assault
Chibi,headquarter
Sakhti,staging
Hiramu,vanguard
Hutian,vanguard
Mazitah,vanguard
Pelkia,vanguard
Joppaya,assault
Raren,assault
Noli,headquarter
Dresi,staging
Aharalel,vanguard
Gensela,vanguard
Zororzih,vanguard
Aphend,assault
Romi,assault
Hiroudeh,headquarter
Pirohdim,staging
Iosantin,vanguard
Janus,vanguard
Orva,vanguard
Salashayama,vanguard
Thiarer,vanguard
Zet,vanguard
Amphar,assault
Nikh,assault
Usroh,assault
Agha,headquarter
Unkah,staging
Atoosh,vanguard
Hoona,vanguard
Mimen,vanguard
Thashkarai,assault
Sacalan,headquarter
Narai,staging
Bashakru,vanguard
Shuria,vanguard
Sukirah,vanguard
Mikhir,assault
Ziona,assault
Akhragan,headquarter
Yehnifi,staging
Kooreng,vanguard
Shaggoth,vanguard
Ustnia,vanguard
Elmed,assault
Minin,assault
Jennim,headquarter
Shala,staging
Ibaria,vanguard
Maspah,vanguard
Zemalu,vanguard
Juddi,assault
Khankenirdia,headquarter
Hizhara,staging
Ahala,vanguard
Arera,vanguard
Knophtikoo,vanguard
Hai,assault
Seiradih,assault
Mamenkhanar,headquarter
Saikanen,staging
Jeras,vanguard
Kakki,vanguard
Oijamon,vanguard
Auviken,assault
Ohvosamon,headquarter
Akhmoh,staging
Hapala,vanguard
Salah,vanguard
Yebouz,vanguard
Syrikos,assault
Hikansog,headquarter
Azhgabid,staging
Arkoz,vanguard
Jinizu,vanguard
Taru,vanguard
Yanuel,vanguard
Nafrivik,assault
Remoriu,assault
Phoren,headquarter
Chaktaren,staging
Danyana,vanguard
Jinkah,vanguard
Nibainkier,vanguard
Polfaly,vanguard
Annad,assault
Nahyeen,assault
Andrub,headquarter
Sazre,staging
Ipref,vanguard
Jachanu,vanguard
Khanid Prime,vanguard
Kihtaled,vanguard
Agil,assault
Gousoviba,assault
Neyi,assault
Bukah,headquarter
Fora,staging
Bhizheba,vanguard
Eba,vanguard
Safizon,vanguard
Zatsyaki,vanguard
Artoun,assault
Ebtesham,assault
Isamm,headquarter
Balginia,staging
Avesber,vanguard
Frarn,vanguard
Gyng,vanguard
Illinfrik,vanguard
Ivar,assault
Meirakulf,assault
Usteli,headquarter
Quier,staging
Frarolle,vanguard
Gicodel,vanguard
Mattere,vanguard
Ethernity,assault
Meves,assault
Athinard,headquarter
Akeva,staging
Ejahi,vanguard
Gelhan,vanguard
Jarizza,vanguard
Asghatil,assault
Bar,assault
Sucha,headquarter
Buftiar,staging
Jofan,vanguard
Odlib,vanguard
Yadi,vanguard
Tidacha,assault
Milu,headquarter
Gererique,staging
Niballe,vanguard
Odinesyn,vanguard
Postouvin,vanguard
Larryn,assault
Weraroix,headquarter
Aice,staging
Amattens,vanguard
Bereye,vanguard
Junsoraert,vanguard
Jurlesel,vanguard
Arnatele,assault
Halle,assault
Mormoen,headquarter
Obrolber,staging
Austraka,vanguard
Dumkirinur,vanguard
Sist,vanguard
Edmalbrurdus,assault
Kronsur,assault
Todeko,headquarter
Ukkalen,staging
Akkilen,vanguard
Keikaken,vanguard
Onuse,vanguard
Soshin,assault
Vattuolen,assault
Silen,headquarter
Ono,staging
Annaro,vanguard
Isutaka,vanguard
Tasabeshi,vanguard
Muvolailen,assault
Paara,headquarter
Oraekja,staging
Hakeri,vanguard
Irgrus,vanguard
Nifflung,vanguard
Josekorn,assault
Dantbeinn,headquarter
Nare,staging
Imih,vanguard
Soumi,vanguard
Zinkon,vanguard
Choga,assault
Kulu,headquarter
Kamda,staging
Mandoo,vanguard
Miah,vanguard
Peyiri,vanguard
Yarebap,assault
Finid,headquarter
Ahteer,staging
Hath,vanguard
Judra,vanguard
Sharios,vanguard
Uhodoh,vanguard
Esa,assault
Kari,assault
Arakor,headquarter
Jotenen,staging
Atai,vanguard
Otalieto,vanguard
Rauntaka,vanguard
Liukikka,assault
Aikantoh,headquarter
Lazara,staging
Asrios,vanguard
Ithar,vanguard
Shemah,vanguard
Zorrabed,assault
Telang,headquarter
Imya,staging
Gergish,vanguard
Kobam,vanguard
Tahli,vanguard
Madomi,assault
Hirizan,headquarter
Ahkour,staging
Gaknem,vanguard
Nehkiah,vanguard
Siyi,vanguard
Iro,assault
Abai,headquarter
Thasinaz,staging
Choonka,vanguard
Dihra,vanguard
Dital,vanguard
Esescama,assault
Odin,headquarter
Itamo,staging
Ahtulaima,vanguard
Kylmabe,vanguard
Vaankalen,vanguard
Jatate,assault
Mitsolen,assault
Mahtista,headquarter
Zaid,staging
Akpivem,vanguard
Nirbhi,vanguard
Tanoo,vanguard
Yuzier,vanguard
Jark,assault
Sasta,assault
Lashesih,headquarter
Ahrosseas,staging
Adahum,vanguard
Goram,vanguard
Tendhyes,vanguard
Tividu,assault
Anjedin,headquarter
Motsu,staging
Aramachi,vanguard
Komo,vanguard
Laah,vanguard
Oichiya,vanguard
Saila,assault
Isenairos,assault
Uotila,headquarter
Moro,staging
Ainsan,vanguard
Badivefi,vanguard
Talidal,vanguard
Ashi,assault
Tzashrah,assault
Sabusi,headquarter
Matyas,staging
Imeshasa,vanguard
Jarzalad,vanguard
Pimsu,vanguard
Nafomeh,assault
Riramia,headquarter
Shumam,staging
Ardishapur Prime,vanguard
Gid,vanguard
Nererut,vanguard
Nifshed,vanguard
Vashkah,vanguard
Rasile,assault
Sitanan,assault
Thebeka,assault
Dakba,headquarter
Seitam,staging
Tew,vanguard
Zehru,vanguard
Zith,vanguard
Alra,assault
Ilas,assault
Sinid,headquarter
Inari,staging
Inaro,vanguard
Irjunen,vanguard
Waskisen,vanguard
Sirppala,assault
Kaaputenen,headquarter
Situner,staging
Agtver,vanguard
Datulen,vanguard
Erego,vanguard
Meimungen,vanguard
Totkubad,vanguard
Evettullur,assault
Hjortur,assault
Tamekamur,assault
Egbonbet,headquarter
Akhwa,staging
Inis-Ilix,vanguard
Sonama,vanguard
Suner,vanguard
Halibai,assault
Turba,assault
Kothe,headquarter
Yasud,staging
Azerakish,vanguard
Ghishul,vanguard
Lari,vanguard
Moutid,vanguard
Asezai,assault
Yeder,assault
Ferira,headquarter
Vilinnon,staging
Iffrue,vanguard
Mollin,vanguard
Ommaerrer,vanguard
Ivorider,assault
Osmallanais,headquarter
Jorus,staging
Appen,vanguard
Javrendei,vanguard
Klir,vanguard
Trer,assault
Egmur,headquarter
Croleur,staging
Atier,vanguard
Bawilan,vanguard
Brapelille,vanguard
Adrallezoen,assault
Brybier,headquarter
Cailanar,staging
Armala,vanguard
Murema,vanguard
Uchat,vanguard
Ilonarav,assault
Gaha,headquarter
Saana,staging
Bahromab,vanguard
Kudi,vanguard
Madirmilire,vanguard
Fabum,assault
Sharji,headquarter
Aclan,staging
Jaschercis,vanguard
Marosier,vanguard
Vaurent,vanguard
Ardallabier,assault
Lirsautton,assault
Blameston,headquarter
Incursions staging icon.pngStaging,staging
Incursions vanguard icon.pngVanguards,vanguard
Incursions assault icon.pngAssaults,assault
Incursions headquarter icon.pngHeadquarter,headquarter
Rorsins,staging
Miroitem,vanguard
Otou,vanguard
Thelan,vanguard
Lamadent,assault
Rancer,headquarter
Hier,staging
Gens,vanguard
Jasson,vanguard
Kamih,vanguard
Kenahehab,assault
Yehaba,headquarter
Hahyil,staging
Aranir,vanguard
Eshwil,vanguard
Sosa,vanguard
Ilahed,assault
Ishkad,headquarter
Baratar,staging
Amafi,vanguard
Ashkoo,vanguard
Nahrneder,vanguard
Hakana,assault
Arzieh,headquarter
Brin,staging
Arnstur,vanguard
Evati,vanguard
Helgatild,vanguard
Todifrauan,vanguard
Arnher,assault
Lasleinur,assault
Ofstold,headquarter
Sakulda,staging
Gonheim,vanguard
Half,vanguard
Istodard,vanguard
Altbrard,assault
Hedaleolfarber,headquarter
Rafeme,staging
Fanathor,vanguard
Nakis,vanguard
Pout,vanguard
Zirsem,assault
Hezere,headquarter
Pain,staging
Aunsou,vanguard
Gare,vanguard
Reynire,vanguard
Cumemare,assault
Alperaute,headquarter
Esesier,staging
Aldranette,vanguard
Anchauttes,vanguard
Evaulon,vanguard
Alsavoinon,assault
Vlillirier,assault
Oicx,headquarter
Maalna,staging
Maseera,vanguard
Van,vanguard
Shakasi,vanguard
Zayi,assault
Shirshocin,headquarter
Ualkin,staging
Egmar,vanguard
Gukarla,vanguard
Taff,vanguard
Orfrold,assault
Klogori,headquarter
Arodan,staging
Bourar,vanguard
Rammi,vanguard
Rimbah,vanguard
Milal,assault
Sobenah,headquarter
Olin,staging
Galnafsad,vanguard
Otakod,vanguard
Shalne,vanguard
Shapisin,assault
Gonditsa,headquarter
Vevelonel,staging
Anckee,vanguard
Elore,vanguard
Meunvon,vanguard
Yveve,vanguard
Aimoguier,assault
Conomette,assault
Cadelanne,headquarter
Ibani,staging
Cabeki,vanguard
Irmalin,vanguard
Timudan,vanguard
Sassecho,assault
Goudiyah,headquarter
Agaullores,staging
Babirmoult,vanguard
Faurulle,vanguard
Hare,vanguard
Ogaria,vanguard
Heluene,assault
Oruse,assault
Arittant,headquarter
Kadlina,staging
Aeditide,vanguard
Hegfunden,vanguard
Egbinger,vanguard
Weld,assault
Klingt,headquarter
Hofjaldgund,staging
Ebolfer,vanguard
Gebuladi,vanguard
Eszur,vanguard
Frerstorn,assault
Sirekur,assault
Ontorn,headquarter
Vimeini,staging
Aset,vanguard
Avenod,vanguard
Isbrabata,vanguard
Turnur,vanguard
Eytjangard,assault
Uisper,assault
Floseswin,headquarter
New Eden,staging
Canard,vanguard
Central Point,vanguard
Promised Land,vanguard
Dead End,assault
Gateway,assault
Exit,headquarter
Sakht,staging
Anath,vanguard
Naga,vanguard
Tisot,vanguard
Omigiav,assault
Efu,headquarter
Amod,staging
Akila,vanguard
Basan,vanguard
Shajarleg,vanguard
Sahda,assault
Naguton,headquarter
Kenninck,staging
Ausmaert,vanguard
Barleguet,vanguard
Aulbres,assault
Vestouve,assault
Espigoure,headquarter
Lantorn,staging
Dal,vanguard
Siseide,vanguard
Vard,vanguard
Auga,assault
Amamake,headquarter
Sheri,staging
Ahraghen,vanguard
Ajna,vanguard
Tukanas,vanguard
Nielez,assault
Soliara,assault
Fageras,headquarter
Neda,staging
Chitiamem,vanguard
Zahefeus,vanguard
Zephan,vanguard
Kuhri,assault
Nandeza,assault
Dimoohan,headquarter
Pavanakka,staging
Eha,vanguard
Innia,vanguard
Martoh,vanguard
Iralaja,assault
Kinakka,assault
Raihbaka,headquarter
Hikkoken,staging
Hallanen,vanguard
Immuri,vanguard
Nennamaila,vanguard
Akidagi,assault
Enaluri,assault
Aivonen,headquarter
Tannolen,staging
Eranakko,vanguard
Onatoh,vanguard
Sujarento,vanguard
Tama,vanguard
Oto,assault
Nagamanen,assault
Hasmijaala,headquarter
Misaba,staging
Mamet,vanguard
Rephirib,vanguard
Mamet,vanguard
Biphi,assault
Hoshoun,headquarter
Khabara,staging
Fensi,vanguard
Jeni,vanguard
Nebian,vanguard
Ami,assault
Bridi,headquarter
Bimener,staging
Kenobanala,vanguard
Khabi,vanguard
Ubtes,vanguard
Astabih,assault
Uanzin,headquarter
Partod,staging
Anara,vanguard
Seshi,vanguard
Sharza,vanguard
Pirna,assault
Azedi,headquarter
Prism,staging
Asakai,vanguard
Elunala,vanguard
Ikoskio,vanguard
Mushikegi,vanguard
Okkamon,assault
Vaaralen,assault
Teskanen,headquarter
Esubara,staging
Getrenjesa,vanguard
Shafrak,vanguard
Yahyerer,vanguard
Zazamye,vanguard
Defsunun,assault
Jerhesh,assault
Nalnifan,headquarter
Bapraya,staging
Ghekon,vanguard
Pserz,vanguard
Vaini,vanguard
Anohel,assault
Soza,assault
Illi,headquarter
Korridi,staging
Bantish,vanguard
Lela,vanguard
Saphthar,vanguard
Itrin,assault
Keri,headquarter
Amasiree,staging
Amoen,vanguard
Aubonnie,vanguard
Hedoubel,vanguard
Gallusiene,assault
Ruerrotta,assault
Avaux,headquarter
Vehan,staging
Udianoor,vanguard
Onanam,vanguard
Sadana,vanguard
Isid,assault
Marmeha,headquarter
Naka,staging
Aring,vanguard
Chej,vanguard
Gayar,vanguard
Noranim,assault
Petidu,assault
Menai,headquarter
Fuskunen,staging
Otosela,vanguard
Paala,vanguard
Uemon,vanguard
Akkio,assault
Tasti,headquarter
Access,staging
Angur,vanguard
Djimame,vanguard
Hangond,vanguard
Mozzidit,assault
Antem,headquarter
Esmes,staging
Goinard,vanguard
Allipes,vanguard
Aetree,vanguard
Raeghoscon,assault
Lermireve,headquarter
Notoras,staging
Hirri,vanguard
Kedama,vanguard
Nisuwa,vanguard
Oinasiken,vanguard
Reitsato,vanguard
Pynekastoh,assault
Rakapas,assault
Teimo,assault
Iwisoda,headquarter
Yekh,staging
Balas,vanguard
Edilkam,vanguard
Ertoo,vanguard
Feshur,vanguard
Hoseen,vanguard
Hoseen,vanguard
Pemsah,vanguard
Fihrneh,assault
Gesh,assault
Hakatiz,assault
Khnar,assault
Parouz,headquarter
Hiremir,staging
Omam,vanguard
Sechmaren,vanguard
Zinoo,vanguard
Bersyrim,assault
Mod,headquarter
Kerying,staging
Arzi,vanguard
Oguser,vanguard
Zorenyen,vanguard
Mafra,assault
Schmaeel,assault
Abath,headquarter
Upt,staging
Gehi,vanguard
Ham,vanguard
Vezila,vanguard
Claini,assault
Seshala,assault
Hemouner,headquarter
Ned,staging
Fobiner,vanguard
Karan,vanguard
Nouta,vanguard
Esaeel,assault
Huna,assault
Hophib,headquarter
Arzad,staging
Ezzara,vanguard
Oyeman,vanguard
Sifilar,vanguard
Raa,assault
Tzvi,headquarter
Athounon,staging
Alparena,vanguard
Arderonne,vanguard
Mercomesier,vanguard
Reschard,vanguard
Alamel,assault
Odamia,assault
Mantenault,headquarter
Tirbam,staging
Nasesharafa,vanguard
Keshirou,vanguard
Rethan,vanguard
Ordat,assault
Teshkat,headquarter
Haras,staging
Sahtogas,vanguard
Tannakan,vanguard
Oyonata,vanguard
Kurniainen,assault
Saidusairos,headquarter
Muttokon,staging
Aedald,vanguard
Audesder,vanguard
Heild,vanguard
Hrokkur,assault
Hrober,headquarter
Arza,staging
Liparer,vanguard
Miroona,vanguard
Ranni,vanguard
Jedandan,assault
Enal,headquarter
Saranen,staging
Anin,vanguard
Karjataimon,vanguard
Tartoken,vanguard
Nannaras,assault
Tamo,headquarter
Kehjari,staging
Ashitsu,vanguard
Ienakkamon,vanguard
Villasen,vanguard
Korasen,vanguard
Hykanima,assault
Okagaiken,assault
Sarenemi,headquarter
Brarel,staging
Agoze,vanguard
Annancale,vanguard
Ostingele,vanguard
Vey,assault
Harroule,headquarter
Muetralle,staging
Costolle,vanguard
Costolle,vanguard
Ouelletta,vanguard
Murethand,assault
Loes,headquarter
Incursions staging icon.pngStaging,staging
Incursions vanguard icon.pngVanguards,vanguard
Incursions assault icon.pngAssaults,assault
Incursions headquarter icon.pngHeadquarter,headquarter
LS9B-9,staging
RVCZ-C,vanguard
VI2K-J,vanguard
ZLZ-1Z,vanguard
6Y-WRK,assault
5T-KM3,headquarter
MOCW-2,staging
3AE-CP,vanguard
9OLQ-6,vanguard
Q-3HS5,vanguard
0-VG7A,assault
EUU-4N,headquarter
JLO-Z3,staging
03-OR2,vanguard
5-MQQ7,vanguard
6-EQYE,vanguard
U2-28D,assault
LQ-OAI,headquarter
C8VC-S,staging
GIH-ZG,vanguard
K-6SNI,vanguard
L-VXTK,vanguard
XD-TOV,vanguard
V7-FB4,assault
W-UQA5,assault
S8-NSQ,headquarter
8B-VLX,staging
G-B22J,vanguard
R3-K7K,vanguard
X-R3NM,vanguard
X6AB-Y,vanguard
1-1I53,assault
N8XA-L,assault
18-GZM,headquarter
GK3-♦,staging
1P-QWR,vanguard
3-JG3X,vanguard
FJ-GUR,vanguard
BQ0-UU,assault
RF-X7V,headquarter
UK-SHL,staging
01TG-J,vanguard
U3SQ-X,vanguard
A1BK-A,vanguard
L6BY-P,assault
NUG-OF,assault
E7VE-V,headquarter
ZXA-V6,staging
I1-BE8,vanguard
ZH3-BS,vanguard
ZJ-QOO,vanguard
1QH-0K,assault
W8O-19,headquarter
UI-8ZE,staging
7D-0SQ,vanguard
OGV-AS,vanguard
Y-C3EQ,vanguard
H1-J33,assault
KU5R-W,headquarter
4CJ-AC,staging
67Y-NR,vanguard
A24L-V,vanguard
QTME-D,vanguard
GDHN-K,assault
RQN-OO,assault
GK5Z-T,headquarter
J7-BDX,staging
30-YOU,vanguard
384-IN,vanguard
4F89-U,vanguard
MKIG-5,vanguard
YHEN-G,vanguard
E-JCUS,assault
LP1M-Q,assault
W-QN5X,assault
G063-U,headquarter
42XJ-N,staging
G9D-XW,vanguard
GVZ-1W,vanguard
Z3U-GI,vanguard
B3QP-K,assault
FHB-QA,headquarter
ZD4-G9,staging
YJ3-UT,vanguard
C2-DDA,vanguard
VG-QW1,vanguard
L-IE41,assault
2IBE-N,headquarter
GGMF-J,staging
GGMF-J,vanguard
IG-4OF,vanguard
M-NWLB,vanguard
0-QP56,assault
ORB4-J,assault
MTGF-2,headquarter
EFM-C4,staging
74-VZA,vanguard
I-1QKL,vanguard
L5-UWT,vanguard
Q7-FZ8,assault
YPW-M4,headquarter
7UTB-F,staging
31X-RE,vanguard
5-6QW7,vanguard
Q-02UL,vanguard
Y5C-YD,assault
F-9PXR,headquarter
9T-APQ,staging
33-JRO,vanguard
ARBX-9,vanguard
O-MCZR,vanguard
5-CSE3,assault
JI-K5H,headquarter
LJK-T0,staging
M-9V5D,vanguard
M-VEJZ,vanguard
O2-39S,vanguard
XWY-YM,assault
DY-40Z,headquarter
9-ZFCG,staging
3-YX2D,vanguard
CFLF-P,vanguard
V-TN6Q,vanguard
UD-VZW,assault
QBH5-F,headquarter
2-3Q2G,staging
M-UC0S,vanguard
SY0W-2,vanguard
V7-MID,vanguard
JSI-LL,assault
Q1U-IU,headquarter
9-R6GU,staging
KK-L97,vanguard
R-KZK7,vanguard
Z-GY5S,vanguard
N-Q5PW,assault
Y6-HPG,assault
Y-W1Q3,headquarter
O8W-5O,staging
0-TRV1,vanguard
F-TQWO,vanguard
NBO-O0,vanguard
6UT-1K,assault
13-49W,headquarter
MJI3-8,staging
FY0W-N,vanguard
M-OEE8,vanguard
V0DF-2,vanguard
J-GAMP,assault
E-OGL4,headquarter
RZ-PIY,staging
A-C5TC,vanguard
FR46-E,vanguard
QLPX-J,vanguard
2-X0PF,assault
OFVH-Y,assault
1-PGSG,headquarter
CT8K-0,staging
C-4D0W,vanguard
IL-H0A,vanguard
M9-LAN,vanguard
L4X-1V,assault
WPV-JN,assault
PX-IHN,headquarter
M2-CF1,staging
8-JYPM,vanguard
JH-M2W,vanguard
PVH8-0,vanguard
EZA-FM,assault
6-CZ49,headquarter
AR-5SY,staging
A1RR-M,vanguard
GW7P-8,vanguard
OE-4HB,vanguard
SF-XJS,vanguard
Y-YHZQ,assault
Z-SR1I,assault
A-1IJ9,headquarter
UW-6MW,staging
0-N1BJ,vanguard
FO9-FZ,vanguard
T-8GWA,vanguard
4QY-NT,assault
T-8GWA,headquarter
QPO-WI,staging
FO8M-2,vanguard
R8S-1K,vanguard
T-945F,vanguard
4U90-Z,assault
AD-CBT,headquarter
ZJ-5IS,staging
ZZK-VF,vanguard
SN-Q1T,vanguard
L1YK-V,vanguard
R3P0-Z,assault
8RL-OG,headquarter
SG-3HY,staging
A-YB15,vanguard
D-6PKO,vanguard
QZX-L9,vanguard
SY-0AM,assault
AU2V-J,headquarter
S-LHPJ,staging
5-VFC6,vanguard
J-OAH2,vanguard
86L-9F,assault
BZ-BCK,assault
IUU3-L,assault
O5-YNW,assault
FB5U-I,headquarter
K-9UG4,staging
2-RSC7,vanguard
D4-2XN,vanguard
ZID-LE,vanguard
KJ-V0P,assault
OBK-K8,headquarter
CL-J9W,staging
5-LCI7,vanguard
VNGJ-U,vanguard
VVO-R6,vanguard
Y2-I3W,vanguard
AZN-D2,assault
E-PR0S,assault
TR07-S,assault
2-F3OE,headquarter
B-GC1T,staging
AH-B84,vanguard
HB7R-F,vanguard
O-JPKH,vanguard
JTAU-5,assault
F-9F6Q,headquarter
RZC-16,staging
F-NMX6,vanguard
FWA-4V,vanguard
ZKYV-W,vanguard
7RM-N0,assault
S-MDYI,assault
GA-P6C,headquarter
ROIR-Y,staging
G95-VZ,vanguard
J-CIJV,vanguard
KLY-C0,vanguard
CL6-ZG,assault
CXN1-Z,assault
X-7OMU,headquarter
K4-RFZ,staging
DG-L7S,vanguard
L-FVHR,vanguard
RKM-GE,vanguard
4-2UXV,assault
F2OY-X,headquarter
3ET-G8,staging
0J-MQW,vanguard
K-BBYU,vanguard
XT-1E0,vanguard
N-PS2Y,assault
T6T-BQ,headquarter
5Q65-4,staging
5DE-QS,vanguard
R0-DMM,vanguard
UZ-QXW,vanguard
F-3FOY,assault
OAIG-0,assault
UM-SCG,headquarter
XW2H-V,staging
F2W-C6,vanguard
KZ9T-C,vanguard
X40H-9,vanguard
FIDY-8,assault
8FN-GP,headquarter
IO-R2S,staging
Q-ITV5,vanguard
QE2-FS,vanguard
R-ZESX,vanguard
7-UVMT,assault
HF-K3O,assault
WVMS-X,headquarter
A0M-R8,staging
1NZV-7,vanguard
B-VFDD,vanguard
LY-WRW,vanguard
QCGG-Q,vanguard
7-2Z93,assault
NIM-FY,assault
9F-ERQ,headquarter
BY-MSY,staging
6EK-BV,vanguard
D-PNP9,vanguard
E1UU-3,vanguard
G-YZUX,assault
P-3XVV,assault
CZ6U-1,headquarter
Y8K-5B,staging
4HF-4R,vanguard
B6-XE8,vanguard
JLH-FN,vanguard
DFTK-D,assault
MOSA-I,assault
L7-BLT,headquarter
XEN7-0,staging
F5M-CC,vanguard
LKZ-CY,vanguard
TZE-UB,vanguard
WRL4-2,assault
V7G-RL,headquarter
B-7DFU,staging
8-YNBE,vanguard
BX-VEX,assault
QY1E-N,assault
YQX-7U,assault
E-VKJV,headquarter
6-ELQP,staging
0OYZ-G,vanguard
D6SK-L,vanguard
R97-CI,vanguard
SWBV-2,vanguard
HYPL-V,assault
I9-ZQZ,assault
NPD9-A,assault
M-PGT0,headquarter
9-8BL8,staging
6W-HRH,vanguard
MQFX-Q,vanguard
N5Y-4N,vanguard
CSOA-B,assault
K3JR-J,headquarter
A-SJ8X,staging
0LTQ-C,vanguard
2P-4LS,vanguard
31-MLU,vanguard
LSC4-P,vanguard
A9D-R0,assault
BMNV-P,assault
RF-GGF,assault
BY-S36,headquarter
I7S-1S,staging
FSW-3C,vanguard
FX-7EM,vanguard
G7AQ-7,vanguard
QBL-BV,vanguard
D-GTMI,assault
T-RPFU,assault
MH9C-S,headquarter
6Q4-X6,staging
B9N2-2,vanguard
D-QJR9,vanguard
U4-V3J,vanguard
H-29TM,assault
KOI8-Z,headquarter
J7M-3W,staging
2G-VDP,vanguard
9P-870,vanguard
KRPF-A,vanguard
9F-3CR,assault
QNXJ-M,headquarter
F76-8Q,staging
D-BAMJ,vanguard
DW-N2S,vanguard
JKWP-U,vanguard
RHE7-W,vanguard
W-FHWJ,assault
X-6WC7,assault
PH-NFR,headquarter
IF-KD1,staging
IBOX-2,vanguard
TD-4XL,vanguard
VW-PXL,vanguard
8AB-Q4,assault
JA-G0T,headquarter
62O-UE,staging
IAS-I5,vanguard
O5Q7-U,vanguard
RT-9WL,vanguard
SAI-T9,assault
K7S-FF,headquarter
SG-75T,staging
N3-JBX,vanguard
GN-PDU,vanguard
9PX2-F,vanguard
F-5FDA,assault
S1-XTL,headquarter
5-IH57,staging
JXQJ-B,vanguard
QYT-X8,vanguard
Y-BIPM,vanguard
PND-SI,assault
XKM-DE,assault
H-MHWF,headquarter
YQB-22,staging
8P9-BM,vanguard
3GXF-U,assault
H-GKI6,assault
VKI-T7,assault
F-YH5B,headquarter
BB-EKF,staging
16AM-3,vanguard
B8HU-Z,vanguard
BB-EKF,vanguard
Q5KZ-W,vanguard
Q0G-L8,assault
WE-KK2,assault
A-REKV,headquarter
U-IVGH,staging
ARG-3R,vanguard
K212-A,vanguard
K7-LDX,vanguard
P-N5N9,vanguard
R-3FBU,vanguard
S-E6ES,vanguard
EIN-QG,assault
JMH-PT,assault
X9V-15,assault
DE-A7P,headquarter
5-VKCN,staging
5KS-AB,vanguard
KLYN-8,vanguard
Y-W6GF,vanguard
KFR-ZE,assault
U0V6-T,assault
D85-VD,headquarter
GR-X26,staging
6OU9-U,vanguard
9N-0HF,vanguard
U-OVFR,vanguard
9-OUGJ,assault
4NDT-W,headquarter
U-QMOA,staging
I6-SYN,vanguard
O-5TN1,vanguard
VK-A5G,vanguard
B-T6BT,assault
8-SPNN,headquarter
AFJ-NB,staging
4OIV-X,vanguard
TM-0P2,vanguard
Y-JKJ8,vanguard
3-UCBF,assault
N-CREL,assault
1-7KWU,headquarter
M-MBRT,staging
HPBE-D,vanguard
R4N-LD,vanguard
TP7-KE,vanguard
A-4JOO,assault
3Q-VZA,headquarter
0J3L-V,staging
AZBR-2,vanguard
T-GCGL,vanguard
Z-8Q65,vanguard
0MV-4W,assault
T-GCGL,assault
V-NL3K,headquarter
SBEN-Q,staging
4GSZ-1,vanguard
E-EFAM,vanguard
VEQ-3V,vanguard
9-7SRQ,assault
J-QOKQ,assault
4T-VDE,headquarter
C-LTXS,staging
C0O6-K,vanguard
G9NE-B,vanguard
HD-AJ7,vanguard
SJJ-4F,vanguard
0RI-OV,assault
G9NE-B,assault
SR-4EK,headquarter
I3Q-II,staging
0N-3RO,vanguard
319-3D,vanguard
YZ9-F6,vanguard
FWST-8,assault
G-TT5V,headquarter
EF-F36,staging
3-IN0V,vanguard
DUV-5Y,vanguard
GRNJ-3,vanguard
D-B7YK,assault
Z-QENW,headquarter
YC-ANK,staging
G-HE0N,vanguard
J7X-VN,vanguard
LTT-AP,vanguard
UAJ5-K,vanguard
2WU-XT,assault
9S-GPT,assault
XJ-AG7,assault
F-WCLC,headquarter
T-AKQZ,staging
0P-U0Q,vanguard
G-D0N3,vanguard
XGH-SH,vanguard
B-6STA,assault
7KIK-H,headquarter
BUZ-DB,staging
JGW-OT,vanguard
KB-U56,vanguard
KH0Z-0,vanguard
UCG4-B,vanguard
5-N2EY,assault
NH-1X6,assault
K717-8,headquarter
E2-RDQ,staging
HIX4-H,vanguard
OY0-2T,vanguard
TN25-J,vanguard
GR-J8B,assault
ZU-MS3,headquarter
1H5-3W,staging
GTY-FW,vanguard
QZV-X3,vanguard
RV-GA8,vanguard
TP-RTO,vanguard
JTA2-2,assault
R-6KYM,assault
3H58-R,headquarter
XME-SW,staging
JX-SOA,vanguard
KGCF-5,vanguard
VH-9VO,vanguard
NHKO-4,assault
Y-UO9U,assault
P-T9VC,headquarter
NIH-02,staging
E02-IK,vanguard
M-MD3B,vanguard
N-DQ0D,vanguard
NK-7XO,assault
JPL-RA,headquarter
UG-UWZ,staging
5F-YRA,vanguard
TDE4-H,vanguard
UER-TH,vanguard
O2O-2X,assault
JE1-36,headquarter
Z-A8FS,staging
07-SLO,vanguard
DUO-51,vanguard
J-RXYN,vanguard
GPD5-0,assault
GRHS-B,headquarter
6V-D0E,staging
BVRQ-O,vanguard
LS3-HP,vanguard
QX-4HO,vanguard
FBH-JN,assault
SH6X-F,headquarter
5-A0PX,staging
CLW-SI,vanguard
O7-RFZ,vanguard
R-RMDH,vanguard
SH-YZY,assault
Z-EKCY,headquarter
A-80UA,staging
4E-EZS,vanguard
C8-7AS,vanguard
ZNF-OK,vanguard
8Q-T7B,assault
WV0D-1,headquarter
WQY-IQ,staging
8W-OSE,vanguard
E9KD-N,vanguard
FIO1-8,vanguard
C-OK0R,assault
YKSC-A,assault
0-ARFO,headquarter
Q1-R7K,staging
6-TYRX,vanguard
IR-FDV,vanguard
NIZJ-0,vanguard
V1ZC-S,vanguard
111-F1,assault
J-RVGD,assault
H-T40Z,headquarter
M4-GJ6,staging
2JT-3Q,vanguard
2JT-3Q,vanguard
I3CR-F,vanguard
SN9-3Z,vanguard
2-Q4YG,assault
7-JT09,assault
AGCP-I,headquarter
JZV-F4,staging
MGAM-4,vanguard
Q3-BAY,vanguard
VORM-W,vanguard
7G-H7D,assault
R-RSZZ,headquarter
8KE-YS,staging
LXQ2-T,vanguard
O-LJOO,vanguard
ZS-PNI,vanguard
TZ-74M,assault
43-1TL,headquarter
K-L690,staging
9CG6-H,vanguard
NDII-Q,vanguard
W6V-VM,vanguard
UYU-VV,assault
P-ZMZV,headquarter
3BK-O7,staging
K-YI1L,vanguard
KEJY-U,vanguard
YF-6L1,vanguard
QXQ-I6,assault
ZAU-JW,assault
8-GE2P,headquarter
FKR-SR,staging
5U-3PW,vanguard
89JS-J,vanguard
C9R-NO,vanguard
CYB-BZ,assault
KMH-J1,headquarter
9-KWXC,staging
3USX-F,vanguard
K42-IE,vanguard
VSJ-PP,vanguard
39-DGG,assault
6RQ9-A,assault
SV-K8J,headquarter
L-AS00,staging
6T3I-L,vanguard
AXDX-F,vanguard
QSF-EJ,vanguard
PEM-LC,assault
X-EHHD,assault
J-4FNO,headquarter
5-9UXZ,staging
Q0OH-V,vanguard
X-7BIX,vanguard
C9N-CC,vanguard
DTX8-M,vanguard
JAUD-V,assault
4-OUKF,assault
HAJ-DQ,headquarter
ND-GL4,staging
1S-SU1,vanguard
HD-HOZ,vanguard
LEM-I1,vanguard
42G-OB,assault
V2-GZS,assault
G4-QU6,headquarter
G-GRSZ,staging
5T-A3D,vanguard
5ZU-VG,vanguard
HB-KSF,vanguard
6-8QLA,assault
EH2I-P,assault
LW-YEW,assault
OP7-BP,assault
R-AYGT,assault
6-1T6Z,headquarter
IPX-H5,staging
QS-530,vanguard
VR-YRV,vanguard
X-HISR,vanguard
29YH-V,assault
DL-CDY,assault
LG-RO2,headquarter
MY-W1V,staging
3-OKDA,vanguard
4M-HGL,vanguard
3GD6-8,vanguard
YHN-3K,assault
GE-8JV,assault
AX-DOT,headquarter
9-GBPD,staging
A3-RQ3,vanguard
LS-JEP,vanguard
PX5-LR,vanguard
WMBZ-U,assault
A-QRQT,headquarter
A-5F4A,staging
Q2-N6W,vanguard
LNVW-K,vanguard
P4-3TJ,vanguard
K-Z0V4,vanguard
8B-SAJ,vanguard
W-IX39,assault
K-B8DK,assault
L-6W1J,assault
C-9RRR,headquarter
S-1LIO,staging
1BWK-S,vanguard
NV-3KA,vanguard
RKE-CP,vanguard
KMV-CQ,assault
U1TX-A,headquarter
JA-O6J,staging
CX65-5,vanguard
SNFV-I,vanguard
V2-VC2,vanguard
8B-2YA,assault
HP-64T,assault
L-B55M,headquarter
A-BO4V,staging
T8T-RA,vanguard
V-3U8T,vanguard
SKR-SP,vanguard
GOP-GE,assault
MKD-O8,headquarter
3JN9-Q,staging
O-2RNZ,vanguard
AGG-NR,vanguard
LEK-N5,vanguard
OWXT-5,assault
0V0R-R,headquarter
1W-0KS,staging
1VK-6B,vanguard
E-SCTX,vanguard
IT-YAU,vanguard
S6QX-N,vanguard
H-EY0P,assault
UNAG-6,assault
MQ-O27,headquarter
X-ARMF,staging
G9L-LP,vanguard
GM-50Y,vanguard
L-FM3P,vanguard
0TYR-T,assault
8-OZU1,assault
MLQ-O9,headquarter
QFRV-2,staging
9Z-XJN,vanguard
K4UV-G,vanguard
Q7E-DU,vanguard
HZID-J,assault
ZEZ1-9,headquarter
G-4H4C,staging
DIBH-Q,vanguard
H-YHYM,vanguard
HHE5-L,vanguard
YAP-TN,vanguard
G-JC9R,assault
PE-H02,assault
Z-MO29,assault
DNEP-Y,headquarter
7JF-0Z,staging
DE71-9,vanguard
I-QRJA,vanguard
M-YWAL,vanguard
CI4M-T,assault
R-ESG0,assault
P1T-LP,headquarter
XG-D1L,staging
00TY-J,vanguard
5S-KNL,vanguard
6RCQ-V,vanguard
PPG-XC,assault
QA1-BT,headquarter
D-9UEV,staging
78R-PI,vanguard
H-HWQR,vanguard
RH0-EG,vanguard
4-P4FE,assault
QRBN-M,headquarter
BGN1-O,staging
4AZ-J8,vanguard
5-IZGE,vanguard
J-TPTA,vanguard
X6-J6R,vanguard
F-8Y13,assault
OXC-UL,assault
PMV-G6,headquarter
FC-3YI,staging
5IO8-U,vanguard
QR-K85,vanguard
U-HYMT,vanguard
DP-JD4,assault
OXIY-V,headquarter
W9-TFD,staging
2EV-BA,vanguard
80G-H5,vanguard
M1-PX9,vanguard
HLR-GL,assault
JUE-DX,headquarter
EF-QZK,staging
0FG-KS,vanguard
E-WMT7,vanguard
F-5WYK,vanguard
RZ3O-K,assault
FLK-LJ,headquarter
AJI-MA,staging
HM-XR2,vanguard
NOL-M9,vanguard
O-IOAI,vanguard
QX-LIJ,assault
4K-TRB,headquarter
O-IVNH,staging
1-NW2G,vanguard
F7C-H0,vanguard
O-ZXUV,vanguard
77-KDQ,assault
FD53-H,assault
TN-T7T,headquarter
Y-2ANO,staging
G1CA-Y,vanguard
LBGI-2,vanguard
WMH-SO,vanguard
4HS-CR,assault
Z-YN5Y,headquarter
B-U299,staging
5ED-4E,vanguard
DN58-U,vanguard
JE-VLG,vanguard
C2-1B5,assault
87-1PM,headquarter
AI-EVH,staging
F-MKH3,vanguard
V-2GYS,vanguard
W-RFUO,vanguard
ZM-DNR,vanguard
0NV-YU,assault
168-6H,assault
WPR-EI,assault
VKU-BG,headquarter
J1H-R4,staging
0-9UHT,vanguard
0-WVQS,vanguard
5WAE-M,vanguard
H-M1BY,assault
M-NKZM,headquarter
4-07MU,staging
25S-6P,vanguard
6BPS-T,vanguard
RR-D05,vanguard
FAT-6P,assault
Y-PNRL,assault
CNC-4V,headquarter
5ZO-NZ,staging
7-UH4Z,vanguard
X97D-W,vanguard
Y0-BVN,vanguard
FS-RFL,assault
N-HSK0,assault
05R-7A,headquarter
E1W-TB,staging
2-2EWC,vanguard
995-3G,vanguard
LMM7-L,vanguard
D-6H64,assault
8-BIE3,headquarter
W-KXEX,staging
M-SG47,vanguard
SR-10Z,vanguard
TAL1-3,vanguard
2-YO2K,assault
QHY-RU,headquarter
X7R-JW,staging
LRWD-B,vanguard
M-HU4V,vanguard
QXQ-BA,vanguard
T-Q2DD,assault
8-4GQM,headquarter
P7Z-R3,staging
4-BE0M,vanguard
A-G1FM,vanguard
ZIU-EP,vanguard
3-N3OO,assault
I-7RIS,assault
CS-ZGD,headquarter
C-0ND2,staging
5XR-KZ,vanguard
75C-WN,vanguard
JI-LGM,vanguard
PO-3QW,vanguard
VF-FN6,vanguard
Y-YGMW,vanguard
BG-W90,assault
I5Q2-S,assault
OCU4-R,assault
Z-PNIA,headquarter
Q-HJ97,staging
GM-0K7,vanguard
RF6T-8,vanguard
Z4-QLD,vanguard
ZJA-6U,vanguard
94FR-S,assault
E1F-LK,assault
I-NGI8,assault
R-ZUOL,headquarter
D2AH-Z,staging
7X-02R,vanguard
EI-O0O,vanguard
J5A-IX,vanguard
Z9PP-H,assault
7-8S5X,headquarter
AV-VB6,staging
6VDT-H,vanguard
7BX-6F,vanguard
NDH-NV,vanguard
XJP-Y7,vanguard
15U-JY,assault
NY6-FH,assault
QV28-G,assault
HMF-9D,headquarter
M-4KDB,staging
FE-6YQ,vanguard
W-16DY,vanguard
ZMV9-A,vanguard
S-9RCJ,assault
C-FD0D,assault
ZD1-Z2,headquarter
OX-S7P,staging
1-7HVI,vanguard
3S-6VU,vanguard
V-F6DQ,vanguard
4-43BW,assault
8CN-CH,headquarter
R8WV-7,staging
LQQH-J,vanguard
X-Z4JW,vanguard
W5-VBR,vanguard
Y-770C,assault
J-D5U7,headquarter
U-MFTL,staging
A-7XFN,vanguard
DX-TAR,vanguard
O3-4MN,vanguard
T-0JWP,vanguard
7-P1JO,assault
EDQG-L,assault
TYB-69,assault
J-L9MA,headquarter
RG9-7U,staging
A4L-A2,vanguard
CZDJ-1,vanguard
UJY-HE,vanguard
UEJX-G,assault
U-TJ7Y,headquarter
5J-62N,staging
8-MXHA,vanguard
LPVL-5,vanguard
Z-DRIY,vanguard
AID-9T,assault
PXE-RG,assault
D3S-EA,headquarter
QZ1-OH,staging
5B-YDD,vanguard
PWPY-4,vanguard
Y-XZA7,vanguard
W-XY4J,assault
2XI8-Y,headquarter
P-ZWKH,staging
QY2Y-N,vanguard
X-9ZZR,vanguard
VZEG-B,vanguard
HO4E-Q,assault
RO-AIQ,assault
E6Q-LE,headquarter
4O-239,staging
Q-JQSG,vanguard
T-IPZB,vanguard
T-M0FA,vanguard
QC-YX6,assault
LUA5-L,headquarter
OZ-DS5,staging
91-KD8,vanguard
0PU2-R,vanguard
XM-RMD,vanguard
B-ETDW,assault
9G5J-1,headquarter
ZDYA-G,staging
LX5K-W,vanguard
MP5-KR,vanguard
O-N589,vanguard
ZBY-0I,assault
LD-2VL,headquarter
T-67F8,staging
58Z-IH,vanguard
CHP-76,vanguard
M-VACR,vanguard
E0DR-G,assault
KI2-S3,assault
0B-VOJ,headquarter
1N-FJ8,staging
0R-F2F,vanguard
2DWM-2,vanguard
R-P7KL,vanguard
XF-PWO,assault
669-IX,headquarter
1QZ-Y9,staging
4-CM8I,vanguard
B-1UJC,vanguard
ZDB-HT,vanguard
Q4C-S5,assault
Q-NA5H,headquarter
M3-KAQ,staging
6-L4YC,vanguard
GPLB-C,vanguard
U104-3,vanguard
5E-CMA,assault
GGE-5Q,headquarter
N-5QPW,staging
3HX-DL,vanguard
FA-DMO,vanguard
MY-T2P,vanguard
Q-R3GP,vanguard
XV-8JQ,vanguard
GEKJ-9,assault
NFM-0V,assault
UH-9ZG,assault
YXIB-,headquarter
0EK-NJ,staging
PFP-GU,vanguard
T-LIWS,vanguard
UM-Q7F,vanguard
V4-L0X,vanguard
1-NKVT,assault
AAS-8R,assault
KTHT-O,assault
QWF-6P,headquarter
4M-P1I,staging
H7O-JZ,vanguard
O-RXCZ,vanguard
WE3-BX,vanguard
H-8F5Q,assault
LXTC-S,headquarter
YG-82V,staging
5LJ-MD,vanguard
B8O-KJ,vanguard
QCWA-Z,vanguard
UB-UQZ,vanguard
XM-4L0,vanguard
52G-NZ,assault
KV-8SN,assault
Z-K495,assault
6-O5GY,headquarter
3-QYVE,staging
P-UCRP,vanguard
T-K10W,vanguard
V-LDEJ,vanguard
7D-PAT,assault
C-XNUA,headquarter
BR-6XP,staging
8-TFDX,vanguard
G5ED-Y,vanguard
UL-4ZW,vanguard
O-LR1H,assault
Y5J-EU,assault
B-E3KQ,headquarter
S0U-MO,staging
V-QXXK,vanguard
W-6GBI,vanguard
XKH-6O,vanguard
XQP-9C,assault
F39H-1,headquarter
8CIX-S,staging
0-XIDJ,vanguard
O-TVTD,vanguard
P-GKF5,vanguard
SBL5-R,vanguard
D-SKWC,assault
E-7U8U,assault
HBD-CC,headquarter
2PG-KN,staging
9-MJVQ,vanguard
PDF-3Z,vanguard
PEK-8Z,vanguard
4-IT9G,assault
C3-0YD,assault
L2GN-K,headquarter
MS2-V8,staging
02V-BK,vanguard
JD-TYH,vanguard
R-ARKN,vanguard
SN9S-N,assault
A5MT-B,headquarter
GTB-O4,staging
EU-WFW,vanguard
K-YL9T,vanguard
Y4B-BQ,vanguard
G-VFVB,assault
P65-TA,headquarter
3G-LHB,staging
9GI-FB,vanguard
DBT-GB,vanguard
U-W3WS,vanguard
L-1HKR,assault
PBD-0G,headquarter
ZWM-BB,staging
7-QOYS,vanguard
KS8G-M,vanguard
LH-LY1,vanguard
OTJ9-E,assault
S-CUEA,headquarter
XU-BF8,staging
DAI-SH,vanguard
RIU-GC,vanguard
S-R9J2,vanguard
V3P-AZ,vanguard
F-WZYG,assault
X1W-AL,assault
C-KW6X,headquarter
WSK-1A,staging
5-NZNW,vanguard
8-BEW8,vanguard
NZW-ZO,vanguard
MS1-KJ,assault
Y-EQ0C,assault
7M4C-F,headquarter
Z-N9IP,staging
442-CS,vanguard
9ZFH-Z,vanguard
TWJ-AW,vanguard
4-MPSJ,assault
PZMA-E,assault
N-7ECY,headquarter
U79-JF,staging
9-XN3F,vanguard
AC-7LZ,vanguard
Y-FZ5N,vanguard
E8-YS9,assault
LBA-SO,headquarter
L7XS-5,staging
1P-WGB,vanguard
K0CN-3,vanguard
VA6-DR,vanguard
F4R2-Q,assault
WLAR-J,headquarter
2-KPW6,staging
LBC-AW,vanguard
Q-K2T7,vanguard
XV-MWG,vanguard
1V-LI2,assault
OAQY-M,assault
M9-MLR,headquarter
M-SRKS,staging
6Z-CKS,vanguard
C6Y-ZF,vanguard
KBAK-I,vanguard
7-K6UE,assault
G-M5L3,headquarter
RF-CN3,staging
C-7SBM,vanguard
DS-LO3,vanguard
Z-UZZN,vanguard
BX2-ZX,assault
YW-SYT,headquarter
Y-ZXIO,staging
G96R-F,vanguard
C-FP70,vanguard
ZA0L-U,vanguard
1-GBBP,assault
T-ZWA1,headquarter
1-HDQ4,staging
1EO-OE,vanguard
5-9L3H,vanguard
YQTK-R,vanguard
6U-MFQ,assault
FZCR-3,headquarter
E-91FV,staging
54-MF6,vanguard
AD-5B8,vanguard
G-73MR,vanguard
QP0K-B,vanguard
EOA-ZC,assault
TJM-JJ,assault
UBX-CC,headquarter
OQTY-Z,staging
G1-0UI,vanguard
QLU-P0,vanguard
XUDX-A,vanguard
DZ6-I5,assault
QCDG-H,assault
R-XDKM,headquarter
38NZ-1,staging
74L2-U,vanguard
HL-VZX,vanguard
W-MF6J,vanguard
D-P1EH,assault
HZ-O18,assault
N-O53U,headquarter
X3FQ-W,staging
3-SFWG,vanguard
A-VILQ,vanguard
CB4-Q2,vanguard
N-8BZ6,vanguard
CBL-XP,assault
WJ-9YO,assault
UQ-PWD,headquarter
LJ-RJK,staging
4YO-QK,vanguard
8-VC6H,vanguard
U93O-A,vanguard
BTLH-I,assault
0LY-W1,headquarter
B1D-KU,staging
2R-KLH,vanguard
6SB-BN,vanguard
QFIU-K,vanguard
KSM-1T,assault
YRV-MZ,headquarter
APES-G,staging
2Z-HPQ,vanguard
6-WMKE,vanguard
I8-AJY,vanguard
J-Z8C2,vanguard
1-EVAX,assault
B2J-5N,assault
XTVZ-E,headquarter
49GC-R,staging
9-F0B2,vanguard
9UY4-H,vanguard
YWS0-Z,vanguard
4B-NQN,assault
G-5EN2,headquarter
1M7-RK,staging
5HN-D6,vanguard
MK-YNM,vanguard
P-H5IY,vanguard
2-9Z6V,assault
4A-6NI,assault
E-B957,headquarter
TY2X-C,staging
0VK-43,vanguard
CCE-0J,vanguard
X-1QGA,vanguard
JI1-SY,assault
T2-V8F,headquarter
R-LW2I,staging
3V8-LJ,vanguard
4-ABS8,vanguard
DP-1YE,vanguard
B8EN-S,assault
R6XN-9,headquarter
UYG-YX,staging
06-70G,vanguard
GL6S-2,vanguard
LO5-LN,vanguard
LO5-LN,vanguard
C-NMG9,assault
NBW-GD,assault
YM-SRU,assault
P3X-TN,headquarter
G-M4GK,staging
0SUF-3,vanguard
GQ2S-8,vanguard
KU3-BB,vanguard
O1Q-P1,vanguard
2I-520,assault
G1D0-G,assault
O-97ZG,headquarter
HE5T-A,staging
0M-103,vanguard
6OYQ-Z,vanguard
Z-LO6I,vanguard
O36A-P,assault
DCJ-ZT,headquarter
OEG-K9,staging
B-5UFY,vanguard
PQRE-W,vanguard
V-4DBR,vanguard
SK42-F,assault
WU-FHQ,assault
EU9-J3,headquarter
Y-PZHM,staging
9SL-K9,vanguard
X-CFN6,vanguard
YLS8-J,vanguard
DL1C-E,assault
OY-UZ1,assault
2ISU-Y,headquarter
KL3O-J,staging
3-TD6L,vanguard
Q-NJZ4,vanguard
R4O-I6,vanguard
NLPB-0,assault
CX-1XF,headquarter
VLGD-R,staging
10UZ-P,vanguard
9GYL-O,vanguard
S-GKKR,vanguard
9U-TTJ,assault
EN-VOD,headquarter
TU-Y2A,staging
38IA-E,vanguard
7BIX-A,vanguard
M-KXEH,vanguard
G-UTHL,assault
LIWW-P,headquarter
JEQG-7,staging
5NQI-E,vanguard
B-WQDP,vanguard
OR-7N5,vanguard
7K-NSE,assault
L-Z9KJ,headquarter
0-WT2D,staging
7V-KHW,vanguard
O3L-95,vanguard
T8H-66,vanguard
A3-LOG,assault
A2-V27,headquarter
TXJ-II,staging
7YWV-S,vanguard
C1-HAB,vanguard
GA9P-0,vanguard
H9-J8N,assault
HP-6Z6,assault
2V-CS5,headquarter
C-V6DQ,staging
1PF-BC,vanguard
EX-GBT,vanguard
Z-FET0,vanguard
D-OJEZ,assault
QHJR-E,headquarter
J4UD-J,staging
BPK-XK,vanguard
CL-1JE,vanguard
G-0Q86,vanguard
LJ-YSW,vanguard
K88X-J,assault
Y-K50G,assault
G-R4W1,headquarter
F5FO-U,staging
4C-B7X,vanguard
BF-SDP,vanguard
LGUZ-1,vanguard
D5IW-F,assault
F-XWIN,assault
1L-BHT,headquarter
Jamunda,staging
Doril,vanguard
Litom,vanguard
Utopia,vanguard
Hemin,assault
Jorund,assault
Farit,headquarter
KIG9-K,staging
5E6I-W,vanguard
9KE-IT,vanguard
S-W8CF,vanguard
Y-RAW3,vanguard
YVSL-2,vanguard
5E-EZC,assault
GQLB-V,assault
P-NRD3,assault
X-41DA,headquarter
I-9GI1,staging
DVWV-3,vanguard
DX-DFJ,vanguard
KE-0FB,vanguard
SY-UWN,assault
U0W-DR,assault
X-31TE,headquarter
V-IH6B,staging
BRT-OP,vanguard
JUK0-1,vanguard
66U-1P,vanguard
V89M-R,assault
OJOS-T,headquarter
ZT-LPU,staging
AY-YCU,vanguard
S9X-AX,vanguard
TU-RI6,vanguard
08Z-JJ,assault
6-OQJV,assault
X-4WZD,headquarter
87XQ-0,staging
KVN-36,vanguard
LJ-TZW,vanguard
TEG-SD,vanguard
14YI-D,assault
J-RQMF,assault
I-CUVX,headquarter
TSG-NO,staging
BJD4-E,vanguard
BLC-X0,vanguard
K-X5AX,vanguard
3L-Y9M,assault
O9V-R7,assault
DUU1-K,headquarter
JK-GLL,staging
8Q-UYU,vanguard
LUL-WX,vanguard
3PPT-9,assault
S-KU8B,assault
UAAU-C,assault
YV-FDG,headquarter
9-WEMC,staging
CUT-0V,vanguard
O-F4SN,vanguard
QT-EBC,vanguard
FV1-RQ,assault
VAF1-P,headquarter
M9U-75,staging
K-IYNW,vanguard
N-RAEL,vanguard
UD-AOK,vanguard
28-QWU,assault
0-3VW8,headquarter
YMJG-4,staging
4-HWWF,vanguard
8TPX-N,vanguard
PM-DWE,vanguard
4GYV-Q,assault
WBR5-R,headquarter
I64-XB,staging
2B-UUQ,vanguard
N-SFZK,vanguard
NWX-LI,vanguard
9QS5-C,assault
ALC-JM,assault
Z0G-XG,headquarter
QN-6J2,staging
DR-427,vanguard
FRTC-5,vanguard
M-ZJWJ,vanguard
O7-VJ5,vanguard
KCDX-7,assault
NI-J0B,assault
R-ORB7,assault
RU-PT9,headquarter
U-FQ21,staging
4H-YJZ,vanguard
QOK-SX,vanguard
V-SEE6,vanguard
24I-FE,assault
2-84WC,headquarter
RLSI-V,staging
4-CUM5,vanguard
8MG-J6,vanguard
BWF-ZZ,vanguard
IOO-7O,assault
BND-16,headquarter
PT-21C,staging
5M2-KP,vanguard
EKPB-3,vanguard
TK-DLH,vanguard
KD-KPR,assault
Z182-R,assault
KDG-TA,headquarter
GF-3FL,staging
0R-GZQ,vanguard
9-34L5,vanguard
QM-20X,vanguard
ZJ-GOU,assault
QQ3-YI,headquarter
LG-WA9,staging
AA-GWF,vanguard
O4T-Z5,vanguard
ZWV-GD,vanguard
1DDR-X,assault
HHJD-5,headquarter
CL-IRS,staging
MO-I1W,vanguard
O-EUHA,vanguard
QBZO-R,vanguard
ZZ5X-M,vanguard
3IK-7O,assault
HV-EAP,assault
UAV-1E,headquarter
EIH-IU,staging
4-EFLU,vanguard
F-QQ5N,vanguard
U-HVIX,vanguard
1-7B6D,assault
H6-EYX,headquarter
6U-1RX,staging
FO1U-K,vanguard
VX1-HV,vanguard
Y4OK-W,vanguard
JNG7-K,assault
K-XJJT,assault
P-NI4K,headquarter
TFPT-U,staging
6-GRN7,vanguard
D-JVGJ,vanguard
YQM-P1,vanguard
1-10QG,assault
WIO-OL,assault
WK2F-Y,headquarter
VQE-CN,staging
8KR9-5,vanguard
EIMJ-M,vanguard
Y-CWQY,vanguard
1-NJLK,assault
L5D-ZL,assault
G-C8QO,headquarter
H-P4LB,staging
2UK4-N,vanguard
5ELE-A,vanguard
BJ-ZFD,vanguard
H65-HE,assault
M-CMLV,assault
QK-CDG,headquarter
CY-ZLP,staging
98Q-8O,vanguard
U4-Q2V,vanguard
ZV-72W,vanguard
2G38-I,assault
S-U8A4,headquarter
CR-0E5,staging
16P-PX,vanguard
WX-6UX,vanguard
Z-Y9C3,vanguard
XKZ8-H,assault
BZ-0GW,headquarter
FZ-6A5,staging
6-MM99,vanguard
JBY6-F,vanguard
MB-NKE,vanguard
G-7WUF,assault
RNF-YH,headquarter
N-6Z8B,staging
504Z-V,vanguard
AB-FZE,vanguard
F8K-WQ,vanguard
NE-3GR,assault
YUY-LM,headquarter
UVHO-F,staging
H-4R6Z,vanguard
IGE-NE,vanguard
Z-XX2J,vanguard
8-SNUD,assault
OGY-6D,headquarter
B-KDOZ,staging
LK1K-5,vanguard
QE-E1D,vanguard
Z-H2MA,vanguard
4-GB14,assault
REB-KR,assault
L-5JCJ,headquarter
J-OK0C,staging
6GWE-A,vanguard
KDV-DE,vanguard
MT9Q-S,vanguard
UC3H-Y,assault
RD-G2R,headquarter
O7-7UX,staging
B9E-H6,vanguard
JDAS-0,vanguard
Y19P-1,vanguard
Y2-QUV,vanguard
A4B-V5,assault
LN-56V,assault
SPBS-6,headquarter
Z30S-A,staging
671-ST,vanguard
A-HZYL,vanguard
ESC-RI,vanguard
H-S80W,assault
UAYL-F,headquarter
RBW-8G,staging
A-CJGE,vanguard
G2-INZ,vanguard
WAC-HW,vanguard
HHQ-M1,assault
VYJ-DA,assault
HT4K-M,headquarter
D4R-H7,staging
EQI2-2,vanguard
J9-5MQ,vanguard
Q-4DEC,vanguard
313I-B,assault
4DTQ-K,headquarter
AZ-UWB,staging
H-S5BM,vanguard
OJ-CT4,vanguard
SHJO-J,vanguard
430-BE,assault
LHJ-2G,assault
6UQ-4U,headquarter
U1-C18,staging
6O-XIO,vanguard
NX5W-U,vanguard
U-JJEW,vanguard
NW2S-A,assault
U-BXU9,assault
ZXOG-O,headquarter
F7A-MR,staging
HB-1NJ,vanguard
O-8SOC,vanguard
PUZ-IO,vanguard
P7UZ-T,assault
EOE3-N,headquarter
UYOC-1,staging
4-1ECP,vanguard
5-U12M,vanguard
7AH-SF,vanguard
7MMJ-3,assault
9-EXU9,assault
PVF-N9,headquarter
U-HYZN,staging
3-FKCZ,vanguard
I1Y-IU,vanguard
LS-V29,vanguard
9SBB-9,assault
ED-L9T,headquarter
1IX-C0,staging
PUWL-4,vanguard
W-4FA9,vanguard
Y-1918,vanguard
2B7A-3,assault
,assault
3F-JZF,assault
5-0WB9,headquarter
H-W9TY,staging
15W-GC,vanguard
C2X-M5,vanguard
MSHD-4,vanguard
PNDN-V,assault
N-FK87,headquarter
PF-KUQ,staging
8F-TK3,vanguard
9O-8W1,vanguard
UEXO-Z,vanguard
GY6A-L,assault
N8D9-Z,headquarter
Q-5211,staging
CR-AQH,vanguard
M-YCD4,vanguard
R-2R0G,vanguard
XQ-PXU,assault
WW-KGD,headquarter
0-UVHJ,staging
EOY-BG,vanguard
IG-ZAM,vanguard
NCG-PW,vanguard
S-EVIQ,vanguard
3DR-CR,assault
PNS7-J,assault
RLTG-3,assault
H1-ESN,headquarter
1ACJ-6,staging
F9-FUV,vanguard
RO-0PZ,vanguard
XB-9U2,vanguard
BNX-AS,assault
FB-MPY,headquarter
SPLE-Y,staging
9R4-EJ,vanguard
K8L-X7,vanguard
Q-XEB3,vanguard
Y-1W01,assault
E-BWUU,headquarter
D7T-C0,staging
2D-0SO,vanguard
O-BY0Y,vanguard
UR-E6D,vanguard
X47L-Q,assault
KQK1-2,headquarter
L7-APB,staging
PB-0C1,vanguard
ZTS-4D,vanguard
ZUE-NS,vanguard
XUW-3X,assault
006-L3,headquarter
PXF-RF,staging
9DQW-W,vanguard
OL3-78,vanguard
V6-NY1,vanguard
57-KJB,assault
R-BGSU,headquarter
A-3ES3,staging
6-U2M8,vanguard
617I-I,vanguard
DP34-U,vanguard
I0AB-R,vanguard
MXYS-8,vanguard
XS-XAY,vanguard
35-RK9,assault
IIRH-G,assault
VV-VCR,assault
5-75MB,headquarter
N-M1A3,staging
3-JCJT,vanguard
49-U6U,vanguard
5V-BJI,vanguard
8QT-H4,vanguard
M1BZ-2,vanguard
4-GJT1,assault
L3-I3K,assault
W-IIYI,assault
AO-N1P,headquarter
PKN-NJ,staging
LQ-01M,vanguard
NG-M8K,vanguard
RV5-TT,vanguard
K85Y-6,assault
8OYE-Z,headquarter
RXTY-4,staging
2FL-5W,vanguard
HG-YEQ,vanguard
QSCO-D,vanguard
RSE-PT,vanguard
6A-FUY,assault
863P-X,assault
ZO-YJZ,headquarter
QRH-BF,staging
M-NP5O,vanguard
WIW-X8,vanguard
X-KHRZ,vanguard
L-EUY2,assault
JL-ZUQ,headquarter
Z8-81T,staging
DY-P7Q,vanguard
H-RXNZ XVV-21,vanguard
ZBP-TP,assault
XD-JW7,headquarter
52CW-6,staging
3-3EZB,vanguard
3-LJW3,vanguard
C5-SUU,vanguard
P7MI-T,vanguard
JFV-ID,assault
XSUD-1,assault
ZLO3-V,headquarter
UR-E46,staging
VYO-68,vanguard
TCAG-3,vanguard
TPAR-G,vanguard
CW9-1Y,assault
MG0-RD,headquarter
4LJ6-Q,staging
G-QTSD,vanguard
MF-PGF,vanguard
SAH-AD,vanguard
KGT3-6,assault
L-ZJLN,headquarter
OEY-OR,staging
O1-FTD,vanguard
2E-ZR5,vanguard
SR-KBB,vanguard
FDZ4-A,assault
MR4-MY,assault
Roua,headquarter
LVL-GZ,staging
FN0-QS,vanguard
TTP-2B,vanguard
X0-6LH,vanguard
N7-BIY,assault
F3-8X2,headquarter
2J-WJY,staging
6-K738,vanguard
9-8GBA,vanguard
ZXIC-7,vanguard
KDF-GY,assault
QBQ-RF,assault
QSM-LM,headquarter
N-TFXK,staging
33RB-O,vanguard
3OAT-Q,vanguard
DKUK-G,vanguard
X-Z4DA,assault
C7Y-7Z,headquarter
AA-YRK,staging
92K-H2,vanguard
A-AFGR,vanguard
OZ-VAE,vanguard
N6G-H3,assault
3A1P-N,headquarter
VY-866,staging
1GT-MA,vanguard
D9Z-VY,vanguard
HB-5L3,vanguard
RGU1-T,vanguard
MO-YDG,assault
Q-VTWJ,assault
42SU-L,headquarter
KS-1TS,staging
F2A-GX,vanguard
RD-FWY,vanguard
VBPT-T,vanguard
ZO-4AR,assault
MJ-LGH,headquarter
S-6HHN,staging
5-CQDA,vanguard
S-6HHN,vanguard
ZXB-VC,vanguard
M2-XFE,assault
KEE-N6,headquarter
K25-XD,staging
4VY-Y1,vanguard
6L78-1,vanguard
6YC-TU,vanguard
LU-HQS,vanguard
U-L4KS,vanguard
04-LQM,assault
LX-ZOJ,assault
O-VWPB,assault
Y8R-XZ,headquarter
IS-R7P,staging
BR-N97,vanguard
ERVK-P,vanguard
S25C-K,vanguard
UL-7I8,assault
7MD-S1,headquarter
7F-2FB,staging
4AZV-W,vanguard
J-0KB3,vanguard
UNV-3J,vanguard
90-A1P,assault
GA58-7,assault
UC-8XF,headquarter
RJ3H-0,staging
0OTX-J,vanguard
3OP-3E,vanguard
48I1-X,vanguard
JZL-VB,vanguard
0A-KZ0,assault
E-DOF2,assault
08S-39,headquarter
DJ-GBH,staging
0-4VQL,vanguard
FVQF-W,vanguard
I0N-BM,vanguard
SN-DZ6,vanguard
2ID-87,assault
8K-QCZ,assault
XDTW-F,assault
JBUH-H,headquarter
DE-IHK,staging
B-B0ME,vanguard
OJT-J3,vanguard
TDP-T3,vanguard
H-HGGJ,assault
A9-F18,headquarter
L-L7PE,staging
7-A6XV,vanguard
H-93YV,vanguard
QXE-1N,vanguard
U69-YC,vanguard
E51-JE,assault
W6P-7U,assault
0IF-26,headquarter
Y-OMTZ,staging
5BTK-M,vanguard
8WA-Z6,vanguard
8WA-Z6,vanguard
1DQ1-A,assault
N-8YET,assault
3-DMQT,headquarter
U5-XW7,staging
JI-1UQ,vanguard
MZPH-W,vanguard
W0X-MG,vanguard
ZK-YQ3,assault
EN-GTB,headquarter
L-M6JK,staging
P9F-ZG,vanguard
PK-PHZ,vanguard
QFGB-E,vanguard
7P-J38,assault
WT-2J9,assault
C-PEWN,headquarter
1B-VKF,staging
E3OI-U,vanguard
IP6V-X,vanguard
T-J6HT,vanguard
R5-MM8,assault
RF-K9W,headquarter
AK-L0Z,staging
2V-ZHM,vanguard
V-3K7C,vanguard
XU7-CH,vanguard
R-AG7W,assault
AY9X-Q,headquarter
ZJG-7D,staging
C-WPWH,vanguard
CO-7BI,vanguard
LS-QLX,vanguard
S-XZHU,assault
9MWZ-B,headquarter
6B-GKA,staging
6E-MOW,vanguard
GZ1-A1,vanguard
LHGA-W,vanguard
4RS-L1,assault
GBT4-J,assault
X-0CKQ,headquarter
IAMJ-Q,staging
21M1-B,vanguard
QZ-DIZ,vanguard
U-RELP,vanguard
UGR-J2,assault
Y-0HVF,assault
KED-2O,headquarter
A-J6SN,staging
AG-SYG,vanguard
AL-JSG,vanguard
C6C-K9,vanguard
ETO-OT,vanguard
1I5-0V,assault
KPI-OW,assault
OTJ-4W,headquarter
MSKR-1,staging
J94-MU,vanguard
JO-32L,assault
M2GJ-X,assault
UB5Z-3,assault
YHP2-D,headquarter
M0O-JG,staging
1-2J4P,vanguard
9GNS-2,vanguard
CX8-6K,vanguard
C3N-3S,assault
YAW-7M,assault
LWX-93,headquarter
FMBR-8,staging
7-K5EL,vanguard
FH-TTC,vanguard
H-5GUI,vanguard
H-UCD1,assault
0-R5TS,headquarter
XR-ZL7,staging
GF-GR7,vanguard
HPMN-V,vanguard
Z19-B8,vanguard
DVN6-0,assault
U1-VHY,headquarter
O9K-FT,staging
FZX-PU,vanguard
GQ-7SP,vanguard
I2D3-5,vanguard
BGMZ-0,assault
R1O-GN,assault
RQOO-U,headquarter
OSW-0P,staging
4DH-ST,vanguard
C-BHDN,vanguard
R-RE2B,vanguard
H4X-0I,assault
6W-6O9,headquarter
V-KDY2,staging
ER2O-Y,vanguard
J2-PZ6,vanguard
RNM-Y6,vanguard
AZ3F-N,assault
FYD-TO,headquarter
IWZ3-C,staging
DNR-7M,vanguard
K1Y-5H,vanguard
N-RMSH,vanguard
O-Y5JQ,assault
JEIV-E,headquarter
V7D-JD,staging
5E-VR8,vanguard
D87E-A,vanguard
K-B2D3,vanguard
PO4F-3,vanguard
0SHT-A,assault
JWJ-P1,assault
V-IUEL,assault
J7A-UR,headquarter
IR-WT1,staging
3WE-KY,vanguard
9-VO0Q,vanguard
A8-XBW,vanguard
4-EP12,assault
XF-TQL,assault
YZS5-4,headquarter
T-4H0B,staging
NRD-5Q,vanguard
XCZ5-Y,vanguard
Z0H2-4,vanguard
63-7Q6,assault
W5-205,headquarter
T-IDGH,staging
F69O-M,vanguard
RK-Q51,vanguard
V-OL61,vanguard
DYPL-6,assault
M-V0PQ,headquarter
WY-9LL,staging
75FA-Z,vanguard
Serpentis Prime,vanguard
YZ-LQL,vanguard
A-1CON,assault
D-Q04X,assault
MN5N-X,headquarter
O-BDXB,staging
9-4RP2,vanguard
MJYW-3,vanguard
XZH-4X,vanguard
Z-Y7R7,vanguard
FQ9W-C,assault
G8AD-C,assault
6Z9-0M,headquarter
1M4-FK,staging
7GCD-P,vanguard
G-3BOG,vanguard
L-6BE1,vanguard
K7D-II,assault
V-LEKM,headquarter
S5W-1Z,staging
7T-0QS,vanguard
IL-OL1,vanguard
V-JCJS,vanguard
8C-VE3,assault
WVJU-4,assault
RWML-A,headquarter
FN-GFQ,staging
0-O6XF,vanguard
NH-R5B,vanguard
VL7-60,vanguard
D-FVI7,assault
C-VZAK,headquarter
PPFB-U,staging
B-A587,vanguard
B-S347,vanguard
QI-S9W,vanguard
AF0-V5,assault
NS2L-4,headquarter
U3K-4A,staging
OK-6XN,vanguard
SUR-F7,vanguard
7Q-8Z2,assault
8YC-AN,assault
Q2FL-T,headquarter
VWES-Y,staging
NGM-OK,vanguard
O-QKSM,vanguard
QKQ3-L,vanguard
IU-E9T,assault
9-ZA4Z,headquarter
WO-AIJ,staging
9F-7PZ,vanguard
C-LP3N,vanguard
1G-MJE,assault
MA-VDX,assault
RO90-H,assault
LXWN-W,headquarter
SD4A-2,staging
F2-NXA,vanguard
NSBE-L,vanguard
U6K-RG,vanguard
V-S9YY,assault
AH8-Q7,headquarter
4-PCHD,staging
BI0Y-X,vanguard
FV-YEA,vanguard
SK7-G6,vanguard
5-3722,assault
J-A5QD,headquarter
6-IAFR,staging
3L3N-X,vanguard
DT-PXH,vanguard
UALX-3,vanguard
Y-ORBJ,vanguard
BW-WJ2,assault
S4-9DN,assault
WB-AYY,headquarter
51-5XG,staging
4L-E5P,vanguard
RLL-9R,vanguard
UFXF-C,vanguard
57-YRU,assault
0T-AMZ,headquarter
FR-B1H,staging
DDI-B7,vanguard
FG-1GH,vanguard
WFYM-0,vanguard
GU-9F4,assault
D-L4H0,headquarter
J-ZYSZ,staging
5C-RPA,vanguard
CR2-PQ,vanguard
N7-KGJ,vanguard
VD-8QY,vanguard
7EX-14,assault
GB-6X5,assault
0-6VZ5,headquarter
450I-W,staging
A1-AUH,vanguard
F-UVBV,vanguard
V-XANH,vanguard
VUAC-Y,vanguard
R-FM0G,assault
TEIZ-C,assault
OIOM-Y,headquarter
CVY-UC,staging
EQX-AE,vanguard
QFEW-K,vanguard
Y-DW5K,vanguard
ES-UWY,assault
M-N7WD,assault
S1DP-Y,headquarter
IRD-HU,staging
1GH-48,vanguard
B-2VXB,vanguard
JAWX-R,vanguard
FIZU-X,assault
IS-OBW,headquarter
2JJ-0E,staging
AN-G54,vanguard
CT7-5V,vanguard
T-Z6J2,vanguard
ZXI-K2,assault
L3-XYO,headquarter
ZH-GKG,staging
C-62I5,vanguard
JQU-KY,vanguard
UY5A-D,vanguard
H-HHTH,assault
MWA-5Q,headquarter
H-FGJO,staging
5J4K-9,vanguard
MD-0AW,vanguard
0-W778,vanguard
DG-8VJ,assault
1KAW-T,headquarter
XCBK-X,staging
43B-O1,vanguard
4N-BUI,vanguard
9CK-KZ,vanguard
GY5-26,vanguard
N2IS-B,vanguard
VPLL-N,vanguard
WUZ-WM,vanguard
3T7-M8,assault
5S-KXA,assault
J1AU-9,assault
MZ1E-P,assault
X3-PBC,headquarter
NLO-3Z,staging
GHZ-SJ,vanguard
K-J50B,vanguard
5P-AIP,vanguard
R4K-8L,assault
RIT-A7,assault
P8-BKO,headquarter
7-8EOE,staging
66-PMM,vanguard
7L9-ZC,vanguard
OKEO-X,vanguard
UEP0-A,assault
Z-7OK1,assault
1I6F-9,headquarter
FYI-49,staging
CJNF-J,vanguard
EA-HSA,vanguard
WYF8-8,vanguard
GXK-7F,assault
78TS-Q,headquarter
E3UY-6,staging
5W3-DG,vanguard
7T6P-C,vanguard
8S28-3,vanguard
LT-DRO,vanguard
RO0-AF,vanguard
ZOYW-O,vanguard
3QE-9Q,assault
E-FIC0,assault
YZ-UKA,assault
85-B52,headquarter
OBV-YC,staging
2AUL-X,vanguard
F-A3TR,vanguard
F-HQWV,vanguard
9IZ-HU,assault
PA-ALN,headquarter
DT-TCD,staging
D2-HOS,vanguard
TFA0-U,vanguard
Y2-6EA,vanguard
HPS5-C,assault
RQH-MY,assault
MQ-NPY,headquarter
0S1-GI,staging
74-DRC,vanguard
M3-H2Y,vanguard
O31W-6,vanguard
B1UE-J,assault
L-GY1B,assault
LE-67X,headquarter
CHA2-Q,staging
B32-14,vanguard
C-N4OD,vanguard
G95F-H,vanguard
C1XD-X,assault
00GD-D,headquarter
G-YT55,staging
G5-EN3,vanguard
IZ-AOB,vanguard
NP6-38,vanguard
W-Z3HW,assault
B0C-LD,headquarter
8RQJ-2,staging
39P-1J,vanguard
NIDJ-K,vanguard
PS-94K,vanguard
7G-QIG,assault
HZAQ-W,headquarter
ETXT-F,staging
A-0IIQ,vanguard
E-BYOS,vanguard
H23-B5,vanguard
CBY8-J,assault
I-CMZA,headquarter
F-88PJ,staging
1-5GBW,vanguard
ATQ-QS,vanguard
O-PNSN,vanguard
F2-2C3,assault
C-FER9,headquarter
G-6SXJ,staging
4-JWWQ,vanguard
CIS-7X,vanguard
DCHR-L,vanguard
EU0I-T,assault
RSS-KA,assault
VSIG-K,headquarter
D-IZT9,staging
89-JPE,vanguard
E8-432,vanguard
WU9-ZR,vanguard
FGJP-J,assault
4-QDIX,headquarter
A2V6-6,staging
BOE7-P,vanguard
E-GCX0,vanguard
0D-CHA,assault
E-GCX0,assault
VBFC-8,assault
VJ0-81,assault
A-5M31,headquarter
IGE-RI,staging
8ESL-G,vanguard
9O-ORX,vanguard
AL8-V4,vanguard
APM-6K,vanguard
JGOW-Y,vanguard
OW-TPO,vanguard
5-D82P,assault
KCT-0A,assault
RE-C26,assault
N2-OQG,headquarter
PDE-U3,staging
4X0-8B,vanguard
FM-JK5,vanguard
JP4-AA,vanguard
23G-XC,assault
D-W7F0,assault
T5ZI-S,headquarter
D-8SI1,staging
1-Y6KI,vanguard
9-266Q,vanguard
YP-J33,vanguard
H-PA29,assault
P-FSQE,headquarter
7-692B,staging
DB-6W4,vanguard
GA-2V7,vanguard
R-OCBA,vanguard
3HQC-6,assault
OX-RGN,headquarter
E3-SDZ,staging
7LHB-Z,vanguard
B-XJX4,vanguard
E1-4YH,vanguard
E1-4YH,assault
MUXX-4,headquarter
J6QB-P,staging
E-YJ8G,vanguard
KA6D-K,vanguard
TA3T-3,vanguard
G-AOTH,assault
ZQ-Z3Y,headquarter
QYZM-W,staging
BU-IU4,vanguard
CH9L-K,vanguard
I-7JR4,vanguard
3KNA-N,assault
ME-4IU,assault
9-B1DS,headquarter
Q0J-RH,staging
BOZ1-O,vanguard
E-ACV6,vanguard
QIMO-2,vanguard
Z-2Y2Y,vanguard
F9O-U9,assault
S-51XG,assault
E-1XVP,headquarter
I-YGGI,staging
5-T0PZ,vanguard
A-ZLHX,vanguard
UTKS-5,vanguard
Y9G-KS,vanguard
2Q-I6Q,assault
97X-CH,assault
6R-PWU,headquarter
3ZTV-V,staging
9D6O-M,vanguard
L-A5XP,vanguard
YRNJ-8,vanguard
D4KU-5,assault
P5-EFH,headquarter
H8-ZTO,staging
0-MX34,vanguard
0ZN7-G,vanguard
T-ZFID,vanguard
5AQ-5H,assault
4Y-OBL,headquarter
W-4NUU,staging
6-4V20,vanguard
O-0HW8,vanguard
YI-8ZM,vanguard
8R-RTB,assault
OU-X3P,assault
Q-UA3C,headquarter
HB-FSO,staging
30-D5G,vanguard
J1-KJP,vanguard
R-YWID,vanguard
5-O8B1,assault
S-KSWL,assault
KW-1MV,headquarter
1ZF-PJ,staging
FX4L-2,vanguard
HFC-AQ,vanguard
RZ-TI6,vanguard
27-HP0,assault
O-9G5Y,assault
X1-IZ0,headquarter
RZ8A-P,staging
C3I-D5,vanguard
MTO2-2,vanguard
0-U2M4,vanguard
F18-AY,assault
01B-88,headquarter
K-MGJ7,staging
G-G78S,vanguard
OSY-UD,vanguard
UW9B-F,vanguard
ZZ-ZWC,assault
H-ADOC,headquarter
U-3FKL,staging
0XN-SK,vanguard
4F9Y-3,vanguard
MS-RXH,vanguard
5V-Q1R,assault
M4-KX5,headquarter
UMDQ-6,staging
56D-TC,vanguard
6EG7-R,vanguard
8DL-CP,vanguard
2X7Z-L,assault
FVXK-D,headquarter
OE-9UF,staging
5ZXX-K,vanguard
JE-D5U,vanguard
PFU-LH,vanguard
2-6TGQ,assault
8S-0E1,headquarter
8EF-58,staging
4DS-OI,vanguard
TZN-2V,vanguard
WF4C-8,vanguard
7L3-JS,assault
C8H5-X,assault
O-7LAI,headquarter
H7S-5I,staging
6FS-CZ,vanguard
B3ZU-H,vanguard
GSO-SR,vanguard
WNM-V0,vanguard
C3J0-O,assault
HPV-RJ,assault
G-KCFT,headquarter
2ULC-J,staging
QG3-Z0,vanguard
8-AA98,assault
EZWQ-X,assault
T0DT-T,assault
RT64-C,headquarter
CZK-ZQ,staging
4NBN-9,vanguard
Q-U96U,vanguard
W-MPTH,vanguard
X4-WL0,vanguard
EX6-AO,assault
WFC-MY,assault
QETZ-W,headquarter
U54-1L,staging
HE-V4V,vanguard
MC6O-F,vanguard
NCGR-Q,vanguard
G-LOIT,assault
LZ-6SU,assault
B-588R,headquarter
RI-JB1,staging
0DD-MH,vanguard
99-0GS,vanguard
NQH-MR,vanguard
X-3AUU,vanguard
H90-C9,assault
K-1OY3,assault
MMUF-8,assault
NZPK-G,headquarter
BDV3-T,staging
12YA-2,vanguard
5-9WNU,vanguard
EL8-4Q,vanguard
N-H32Y,vanguard
JC-YX8,assault
KI-TL0,assault
XI-VUF,headquarter
B6-52M,staging
L-HV5C,vanguard
L4X-FH,vanguard
M-MD31,vanguard
NBPH-N,vanguard
V-MZW0,vanguard
D0-F4W,assault
QKTR-L,assault
YN3-E3,assault
WH-2EZ,headquarter
BK4-YC,staging
2-TEGJ,vanguard
LF-2KP,vanguard
MVCJ-E,vanguard
K1I1-J,assault
AY-24I,headquarter
C-J7CR,staging
KX-2UI,vanguard
MA-XAP,vanguard
MO-FIF,vanguard
97-M96,assault
H-NOU5,headquarter
Z-DDVJ,staging
8-2JZA,vanguard
LH-PLU,vanguard
VVB-QH,vanguard
ZT-L3S,assault
AZA-QE,headquarter
DBRN-Z,staging
H-NPXW,vanguard
L-1SW8,vanguard
U-SOH2,vanguard
6F-H3W,assault
B17O-R,headquarter
0UBC-R,staging
3U-48K,vanguard
G-EURJ,vanguard
RERZ-L,vanguard
X5-0EM,assault
SHBF-V,headquarter
ZZZR-5,staging
JU-OWQ,vanguard
MXX5-9,vanguard
S-DN5M,vanguard
2O9G-D,assault
NC-N3F,assault
I30-3A,headquarter
L-C3O7,staging
K4YZ-Y,vanguard
O1Y-ED,vanguard
X36Y-G,vanguard
L-SCBU,assault
VRH-H7,assault
O-CNPR,headquarter
HY-RWO,staging
36N-HZ,vanguard
9KOE-A,vanguard
B-3QPD,vanguard
U-QVWD,vanguard
V-3YG7,vanguard
HED-GP,assault
SV5-8N,assault
WD-VTV,assault
F9E-KX,headquarter
B-VIP9,staging
0PI4-E,vanguard
6WT-BE,vanguard
9SNK-O,vanguard
SL-YBS,assault
UNJ-GX,assault
L1S-G1,headquarter
UT-UZB,staging
AZF-GH,vanguard
BY5-V8,vanguard
M-EKDF,vanguard
VXO-OM,vanguard
7-IDWY,assault
TET3-B,assault
Y4-GQV,assault
CRXA-Y,headquarter
9P4O-F,staging
4D9-66,vanguard
L-TOFR,vanguard
Q-TBHW,vanguard
P-E9GN,assault
HJO-84,headquarter
O-RIDF,staging
LBV-Q1,vanguard
Z-40CG,vanguard
ZXC8-1,vanguard
BMU-V1,assault
W2F-ZH,headquarter
I-UUI5,staging
8QMO-E,vanguard
GME-PQ,vanguard
MPPA-A,vanguard
X5-UME,assault
C4C-Z4,headquarter
W2T-TR,staging
04EI-U,vanguard
IVP-KA,vanguard
YE1-9S,vanguard
BLMX-B,assault
M-CNUD,assault
Q-UEN6,headquarter
NIF-JE,staging
JZ-B5Y,vanguard
P7-45V,vanguard
TPG-DD,vanguard
M-MCP8,assault
5F-MG1,headquarter
9WVY-F,staging
7M4-4C,vanguard
JZ-UQC,vanguard
M5NO-B,vanguard
U-W436,vanguard
Z-ENUD,vanguard
972C-1,assault
JPEZ-R,assault
MJ-5F9,assault
BEG-RL,headquarter
CCP-US,staging
2-KF56,vanguard
2R-CRW,vanguard
VFK-IV,vanguard
YA0-XJ,assault
II-5O9,headquarter
JV1V-O,staging
9-980U,vanguard
EMIG-F,vanguard
M-RPN3,vanguard
46DP-O,assault
ZO-P5K,headquarter
SB-23C,staging
52V6-B,vanguard
92-B0X,vanguard
O-OVOQ,vanguard
5FCV-A,assault
PUC-JZ,headquarter
0-HDC8,staging
K-6K16,vanguard
PUIG-F,vanguard
SVM-3K,vanguard
W-KQPI,vanguard
D-3GIQ,assault
F-TE1T,assault
QY6-RK,assault
J-LPX7,headquarter
S-1ZXZ,staging
9IPC-E,vanguard
EIV-1W,vanguard
QHJ-FW,vanguard
Z0-TJW,vanguard
N0C-UN,assault
V3X-L8,assault
VG-6CH,assault
4RX-EE,headquarter
NM-OEA,staging
33FN-P,vanguard
JKJ-VJ,vanguard
MT-2VJ,vanguard
RTX0-S,assault
J9SH-A,headquarter
M-76XI,staging
DK-FXK,vanguard
U-INPD,vanguard
ZJET-E,vanguard
A8I-C5,assault
C-H9X7,assault
ION-FG,headquarter
X2-ZA5,staging
IAK-JW,vanguard
RYC-19,vanguard
WO-GC0,vanguard
KZFV-4,assault
28Y9-P,headquarter
H-EBQG,staging
9NI-FW,vanguard
N6NK-J,vanguard
TP-APY,vanguard
ZOPZ-6,assault
DOA-YU,headquarter
7YSF-E,staging
2O-EEW,vanguard
J-QA7I,vanguard
OP9L-F,vanguard
Y-N4EF,assault
W4E-IT,headquarter
8B-A4E,staging
3LL-O0,vanguard
4F6-VZ,vanguard
J9A-BH,vanguard
JM0A-4,vanguard
L-POLO,vanguard
A1F-22,assault
B-7LYC,assault
PT-2KR,assault
49V-E4,headquarter
C-C99Z,staging
AC2E-3,vanguard
BYXF-Q,vanguard
CL-BWB,vanguard
YVBE-E,vanguard
R3W-XU,assault
RP2-OQ,assault
PNQY-Y,headquarter
33CE-7,staging
6-AOLS,vanguard
G06-8Y,vanguard
L-P3XM,vanguard
U-O2DA,vanguard
SZ6-TA,assault
WV-0R2,assault
U-O2DA,headquarter
0-YMBJ,staging
AW1-2I,vanguard
B-S42H,vanguard
F-749O,vanguard
UMI-KK,vanguard
F-RT6Q,assault
GKP-YT,assault
NL6V-7,assault
A-DDGY,headquarter
4-M1TY,staging
C6CG-W,vanguard
K-3PQW,vanguard
RY-2FX,vanguard
1A8-6G,assault
PE-SAM,assault
H-FOYG,headquarter
DW-T2I,staging
CR-IFM,vanguard
DO6H-Q,vanguard
P-33KR,vanguard
E-9ORY,assault
HHK-VL,assault
C8-CHY,headquarter
DK0-N8,staging
4LNE-M,vanguard
HXK-J6,vanguard
L-Z9NB,vanguard
EJ-5X2,assault
U6R-F9,headquarter
W3KK-R,staging
EK2-ET,vanguard
N-5476,vanguard
PZOZ-K,vanguard
SE-SHZ,assault
92D-OI,headquarter
N-YLOE,staging
7-YHRX,vanguard
N-H95C,vanguard
X-PQEX,vanguard
Y6-9LF,assault
NSI-MW,headquarter
H74-B0,staging
3D5K-R,vanguard
F-NXLQ,vanguard
NU4-2G,vanguard
ES-Q0W,assault
ZXJ-71,headquarter
4S-PVC,staging
E1F-E5,vanguard
H-AJ27,vanguard
M2-2V1,vanguard
2TH-3F,assault
WLF-D3,headquarter
I6M-9U,staging
0-NTIS,vanguard
VR-YIQ,vanguard
XZ-SKZ,vanguard
35-JWD,assault
F-M1FU,assault
L-YMYU,headquarter
O94U-A,staging
C-VGYO,vanguard
K-8SQS,vanguard
XW-JHT,vanguard
C-4ZOS,assault
NEH-CS,headquarter
K76A-3,staging
HVGR-R,vanguard
M-75WN,vanguard
PNFW-O,vanguard
K95-9I,assault
9-0QB7,headquarter
PR-8CA,staging
1DH-SX,vanguard
A-ELE2,vanguard
Z3V-1W,vanguard
KFIE-Z,assault
UHKL-N,headquarter
I-8D0G,staging
6X7-JO,vanguard
A-803L,vanguard
GJ0-OJ,vanguard
R-K4QY,vanguard
WQH-4K,vanguard
JWZ2-V,assault
OGL8-Q,assault
Q-S7ZD,assault
J-ODE7,headquarter
E-YCML,staging
B-WPLZ,vanguard
TU-O0T,vanguard
Y9-MDG,vanguard
KBP7-G,assault
XHQ-7V,headquarter
W4C8-Q,staging
E5T-CS,vanguard
I-2705,vanguard
M53-1V,vanguard
C-6YHJ,assault
K-RMI5,assault
4S0-NP,headquarter
LOI-L1,staging
G-B3PR,vanguard
KR8-27,vanguard
VULA-I,vanguard
XPUM-L,vanguard
LQ-AHE,assault
R2TJ-1,assault
73-JQO,headquarter
5-DSFH,staging
AK-QBU,vanguard
X-PYH5,vanguard
ZN0-SR,vanguard
PC9-AY,assault
T22-QI,headquarter
HD-JVQ,staging
6ZJ-SC,vanguard
P-VYVL,vanguard
VVD-O6,vanguard
PF-QHK,assault
XW-6TC,assault
Q-7SUI,headquarter
6-KPAB,staging
9BC-EB,vanguard
9M-M0P,vanguard
PU-UMM,vanguard
QPTT-F,vanguard
HJ-BCH,assault
WFFE-4,assault
Y5-E1U,assault
71-UTX,headquarter
C-DHON,staging
F-D49D,vanguard
H-1EOH,vanguard
IR-DYY,vanguard
XSQ-TF,assault
Q-EHMJ,headquarter
8X6T-8,staging
08-N7Q,vanguard
CKX-RW,vanguard
Y-C4AL,vanguard
6-I162,assault
U9U-TQ,assault
B2-UQW,headquarter
XYY-IA,staging
3MOG-V,vanguard
NG-C6Y,vanguard
TXW-EI,vanguard
5-FGQI,assault
8V-SJJ,assault
3KNK-A,headquarter
DY-F70,staging
5-MLDT,vanguard
B-DBYQ,vanguard
QXW-PV,vanguard
XT-R36,assault
1-3HWZ,headquarter
A8A-JN,staging
47L-J4,vanguard
6WW-28,vanguard
S-NJBB,vanguard
E-D0VZ,assault
IFJ-EL,assault
Q-L07F,headquarter
MJXW-P,staging
1-SMEB,vanguard
6Q-R50,vanguard
RCI-VL,vanguard
M5-CGW,assault
Q-HESZ,assault
ZA9-PY,headquarter
DB1R-4,staging
23M-PX,vanguard
UTDH-N,vanguard
ZS-2LT,vanguard
GPUS-A,assault
3-BADZ,headquarter
K5-JRD,staging
F67E-Q,vanguard
FD-MLJ,vanguard
PF-346,vanguard
Poitot,vanguard
X-BV98,vanguard
X-M2LR,vanguard
2X-PQG,assault
6E-578,assault
ATY-2U,assault
MHC-R3,assault
ZVN5-H,headquarter
L-WG68,staging
5LAJ-8,vanguard
GZM-KB,vanguard
HIK-MC,vanguard
E-BFLT,assault
E4-E8W,assault
B9EA-G,headquarter
K5F-Z2,staging
0P-F3K,vanguard
FMB-JP,vanguard
TXME-A,vanguard
CU9-T0,assault
XCF-8N,assault
94-H3F,headquarter
V-OJEN,staging
49-0LI,vanguard
DAYP-G,vanguard
EIDI-N,vanguard
IPAY-2,vanguard
KRUN-N,vanguard
9OO-LH,assault
K8X-6B,assault
P3EN-E,assault
X445-5,headquarter
FMH-OV,staging
77S8-E,vanguard
HZFJ-M,vanguard
SLVP-D,vanguard
QRFJ-Q,assault
0-G8NO,headquarter
5KG-PY,staging
F-DTOO,vanguard
GN7-XY,vanguard
INQ-WR,vanguard
QO-SRI,assault
PI5-39,headquarter
YF-P4X,staging
EQWO-Y,vanguard
JK-Q77,vanguard
QI9-42,vanguard
U2U5-A,vanguard
IL-YTR,assault
KW-OAM,assault
ABE-M2,headquarter
EX-0LQ,staging
GE-94X,vanguard
KW-I6T,vanguard
W9-DID,vanguard
S-U2VD,assault
GMLH-K,headquarter
F-3H2P,staging
68FT-6,vanguard
9-IIBL,vanguard
9I-SRF,vanguard
HOHF-B,vanguard
IRE-98,vanguard
Y-6B0E,vanguard
5GQ-S9,assault
H-64KI,assault
YALR-F,assault
IV-UNR,headquarter
Y-M5JN,headquarter
MJ-X5V,assault
3FKU-H,vanguard
M9-FIB,vanguard
D2EZ-X,vanguard
DJK-67,staging
